-- phpMyAdmin SQL Dump
-- version 4.9.1
-- https://www.phpmyadmin.net/
--
-- Máy chủ: localhost
-- Thời gian đã tạo: Th3 02, 2021 lúc 04:40 PM
-- Phiên bản máy phục vụ: 8.0.18
-- Phiên bản PHP: 7.3.11

SET SQL_MODE = "NO_AUTO_VALUE_ON_ZERO";
SET AUTOCOMMIT = 0;
START TRANSACTION;
SET time_zone = "+00:00";


/*!40101 SET @OLD_CHARACTER_SET_CLIENT=@@CHARACTER_SET_CLIENT */;
/*!40101 SET @OLD_CHARACTER_SET_RESULTS=@@CHARACTER_SET_RESULTS */;
/*!40101 SET @OLD_COLLATION_CONNECTION=@@COLLATION_CONNECTION */;
/*!40101 SET NAMES utf8mb4 */;

--
-- Cơ sở dữ liệu: `order-food`
--

-- --------------------------------------------------------

--
-- Cấu trúc bảng cho bảng `cart`
--

CREATE TABLE `cart` (
  `sessionId` varchar(255) CHARACTER SET utf8 COLLATE utf8_unicode_ci NOT NULL,
  `cartData` longtext CHARACTER SET utf8 COLLATE utf8_unicode_ci
) ENGINE=InnoDB DEFAULT CHARSET=utf8 COLLATE=utf8_unicode_ci;

-- --------------------------------------------------------

--
-- Cấu trúc bảng cho bảng `food`
--

CREATE TABLE `food` (
  `id` int(11) NOT NULL,
  `name` varchar(255) CHARACTER SET utf8 COLLATE utf8_unicode_ci DEFAULT NULL,
  `menu_id` int(11) DEFAULT NULL,
  `price` int(11) DEFAULT NULL,
  `image` text CHARACTER SET utf8 COLLATE utf8_unicode_ci,
  `description` text CHARACTER SET utf8 COLLATE utf8_unicode_ci
) ENGINE=InnoDB DEFAULT CHARSET=utf8 COLLATE=utf8_unicode_ci;

--
-- Đang đổ dữ liệu cho bảng `food`
--

INSERT INTO `food` (`id`, `name`, `menu_id`, `price`, `image`, `description`) VALUES
(1, 'cá 123', 1, 14444, 'https://1.bp.blogspot.com/-x0vWmMv9P24/WE1KGSPQomI/AAAAAAAAB-c/cT7floqUzPMywvX9Ky7VBivKZbQ4SFpzgCEw/s1600/246_ca_chep_sot_ca_chua.jpg', 'assasasa'),
(2, 'nem chua', 3, 1444422, 'https://sieungon.com/wp-content/uploads/2018/11/dac-san-nem-chua-binh-dinh-1280x720.png', 'assasasa'),
(3, 'cơm rang', 1, 2223, 'data:image/jpeg;base64,/9j/4AAQSkZJRgABAQAAAQABAAD/2wCEAAkGBxMSEhUTExMWFhUWGRgYGBcYGBgaGBsaHRoYGxcaHRoaHSggHh4lHRgXITEiJykrLi4uGh8zODMtNygtLisBCgoKDg0OGxAQGy0mICYvLy81Ky8tLy0vNzAtLS0uLS0tLS8vLS0tMi0tLS0tLS01LS01LS0tLS8tLS0tLS0vLf/AABEIALwBCwMBIgACEQEDEQH/xAAbAAACAwEBAQAAAAAAAAAAAAAEBQIDBgcBAP/EADoQAAECBAQDBgUEAgICAwEAAAECEQADBCEFEjFBIlFhBhNxgZGhMrHB0fAUQlLhI/EVcmKCFiSiB//EABoBAAIDAQEAAAAAAAAAAAAAAAMEAQIFAAb/xAAtEQACAgICAQIEBgMBAQAAAAABAgADESEEEjFBURMigZEFMmFxofAU4fHBI//aAAwDAQACEQMRAD8A6q8fRGPYtInseGPoipccZMmDHxWIoUqKZlQBFe2JIXMMzx53g535QsXUk7xdT/C+/OE+ZzBx6y+MwtdJY4MKmVAHnA9RXqSWNuUVOZimSHy+kSxBIQASzi8Y3G/FuQVLvgj9sRs8asYnk/PZ3iCHKc20Ql4qAEkm6xbx3jNdqsVUqahDlICXHLM9lAjdvSDp+KdgcDcBaFrXPmaWsqkykjOfiLCEVTMl55k0koUlISkgk5tSbdLX8OkI52KzFghQCg4s7baxRUzhOyy1KZk/CCzjcka6uYWa4s5dvMA/JyvVZ5Jx9fGDNKUO5uX8Bvf6dY1WEYwBKCpmYItlUoEE+ANzCvBZFH3KinLmvmexT67dYrq0AqSkq4EJHvc/SIF7/Fwmcw6KaqC7HOfT+magYxKUkKRd78m5u8Y/Ge0s5SwZasgSSAE3J2c84JXWSRKKQpKbjUgP6/lozxUlEzOgqCknMkpUAx8wYb7WdcFok9vY+06OqqWiRLWsOspTmGjFg7xThePCYrIrhVtyPSEcnG5lQjiZgWNmPjYsfQQBW5RxOxhQ/iFyXede09Nxfw+m3j7Gz4M6OicecXoqTGZ7PYmVy094QTsenWHcuYCWjdq5KWKCDMW3jtWxU+kZoqHi5KxC9EXJeGAxgCsOBj14FSsiLkzIkPIxLY+j5JibRcHMiQaPImUx5FpEg0eNE48jp0rIjyLCI8aOkRdEVLiCpkVlUUJlgJMritU3lEFGIyA7gmEuRzBUQMRiuntPFkxGkRmU7WHpFlDNCphGyd+sXVFal8qQ5faMvk87uhA1n7xtaSpxiemUgFykRdWJtyBFiIqrqjICRf5RCZPzyg9rQhZZ8rVsc6/v3lgp00qE3uJKlBOdQckDU+EYqvxebUIDqyXfh8wxvcXjU96oIJWl20I+ZjOT2nKmEqAy6JAuepMBV2+VcaxqdyaHKlwf3xE8/FimXkWXUC4UPzV4qp5yFyytZ+HiAL6h7uCCx38OkD1RzKyAXL3H5bxgCehSQQPh3+sOIuNTPNLONRhPxGxmLI4vhAFmchgNgGhJi9QApCgeJr9L2+sfTKhC1jKtYYEBLOzObOdPvA1VIMyV3ugfL5/hENV1DtmKlCPMGqKjOXVf6eEfTa0qQmXsLAHbyihOHqOpYQbIo0ouT56/K0MkKJ3UnYk6ZCRLyzXNyQz8MUfqBL+Ccoj+OS48z9IIUzP/AEfWB6incOLx2j5lcQ6g7TqlpKQlw5Lkh39IZ0lSqoIU1gzpd4V9kMN72rlhdkpdSn3AFgOblveNLiuEzKZc2bKIEskEJAYgc+WsJchag2hs+s9D+GW2opBJx6A/+RpSKy7X+kNpNc7JzNyhJgcuasZ1OSqwcQ1lychDh2Pn1hDIGjD2DJiPFsfqaeaVHNldkq/aRy6GNZ2S7XCoJRMASr9p5xne2VWFSe70cggNqxhJgk7KpG2UhiBGpXeQuQZz0rbVll3O1gg6R60IcMrnS7w2p6kEO4aNOq0OoJ9ZiumDqGIVF6JkDpiYhkGCIhQjwiK0Ki4RYNmVIlZEeNFxTFZEWBkSto+aJNHzRadM8pbRW8eRUmfxERnW3qMdo2lftPpiy8TlSipQDtF1NQO2bU7QQvDg4LksbRiX93JYjP1jasqjGZemWBYadIhOZCSXDC76RaU9b8oQdrJE9cv/ABqYWdy2+vlHEFVIxK1jswBMFqsXQskJmAeJ+YMY2u7Qrl2TMU4JuHYnoL2hTjs+opl5VsoHQ7HnrCmVPWuYFHa945eMp+YzRRRnAnUVY5LMkm+cgP0tf3jO0gyqUokkqcn6CFVDNUSzsNTB0+qS4Sn1hdlIIAjjVqqlR6xlhlAkJVMJKlrsByG/r9IEqpLAghiNuX9QHXTSGDOluE3Hj5/RoGOJqyl8x8VO3rFlRjvM81zLFL9VBBWK6vC5hPeSkGzaNuoJBbkSW9Y0GLSUS6VMkAKKQM5TYZtSedy58/GA6abOMhWUOEqzFhcj4b8wlz6wgp60rnBKuEAksdyHsX5mNRc4/aJ2Ws53BZq09R7+8DlN/iDeMFVSDoff80geTLzOMuYu2reEMKRjMqqknAjGrCJaU5VKY/ybcaENHlNNNgoWu31hng2EgsZhdQNgbgcvEw6q8KlFN0gAWf8AN4Sa9RrzH34wbHWAdl/8c4lSWSBq23Qw8qu0rTFDIlaNAL5iOd7DwIhYqmKEk7fSF09wQQxB5a+cKkiw9pqcapEHU7mup+1SWHBps4HzguficqcUFCglWikqt76Rz9dWQWItu8SkTQSwBjmq1uNf46E5Gpue0ODTJjd2xcbGwI3gOlSmUEpWllB3fmNWMKqBU4FPdqUA+j2P4Y2qShQSZqUKUBcs6epDwMuBqLWKUHXORM2vF5gm5ZZcNcNbxeI1mKTcjrVwJOg28RFeOUokEzZLqdJKkPtsR9oRzKwzKcpS5XO268h0hpDlRL1og2onROwvahCwZMxVwXSTo3J43UpYUHBBHMRwPB8Om06gpStdQLiNXRdp6iUyXGUbMLw3XzPh6Ox7xTk8Pu2UnVhFMyoKTo4hbg+PypwbMkKAcgHbn/UMTNLhg4MNvYHUFT9pndCpIYQ+Wpw8fKERQYshwGAMqIiLRcoRW0XlZk50wMWhQHKwAbvrBcg96WBaIK/xG7XMeKvve8B3Gv0m9XWE0PMdomlwlNy1zAlRjMoKMpKgMgJWSfYdYrpBnQslxms4MYDGKcyyr/Fn1vq52g1dm8kefSEp4y2MQfSbamxyVOIRLmOojMcrEoZnzHTlHn/ILqEFLAEEg33B06Fr+kcllSVlYSF9wVKAcunK51LXaOiyqD9GkoKzNWpLrW5DkBrDqALvDIqGc/xCW8dUOAdxDjmBJmkmYtefUXsAw0eza9TfldBIwhkkguxaHNRLJJL66uX1HygHDa4S1lCvhJHl/USWPXA1DFCgyDLpFCGACi5PJ9fcwdXYKqXKzAlawdAALeHpDvC5EsHvC3DEauinzZqb5UqvcEMOfXw8IAcAZPkxY3MWiujnpWgOL7pIu/JoW4tT8C1B2OZjzPL3h9X4bMlLCiUq5EBn5gv94IAzJJVcDTcu129TAy/UgxPkUi0hgfExdLVTJSJSQsy1EOohnBUSA/iPpyhFUYcvMSkglIzG/W5vrb5w8x892t1JsxUnmprN1a4hRPlzClKu7JUymINyGZyG01jTpJYZHrMZyAxJnuIyMuVWYEKsz3bY+35eBJEped0h0mxNtNT6RbSy1sykgpIBFrjoesPMFw4kZm4XsP5Xv5RZ7OgjPHoV/mJ1LMMSENMURlNnU2j22aLZsxIdf7SW4RbVrARoJdDIWBLVKZ75b+xSYHxbCpSEPL4SHsXL8/8AcIthjmatWAcSpFQQnKpgFAgE66XiKZUpIAyEiwdnDnr9YW1M8LSEl+HS+vT85RRNrFCyeXuPlFAp9I0KvOYzl9mSoFRUEh7We0VU+GkJzISzuPEAtFVJjhmyChIU5JSo8+TRoMGoCiWAly9y/XXwEXIbGD5gjYR6xZQoUFNu+0M5tWRwkENq9oPVTJAzFQcWbnzvAy50uYQ6QSHY7NACmJBs7bxIBIULaxhKmepM5TjLlJCRG6nSwk8LsRZtjGTxyTnIUTxaF4ZrwNGdWx8iUycSIsowTMxAZc3tCXKAWMTlMpSSTYH4YKUAhQ3qZqMJlTUqRNDDMdNwOZjpOFY6UpIUH/j48o51hlUH52hqmqAFzaFxeam7L5grU+KMMJ0KTjwO14JkY0g6ho5qjECBaDqfEX1N4sv4narbgW4C41OnSpoUHBcRJozvZSvC8yQoFmLPcQ/7wR6Dj3fFrDzKtrNblTMhRyZaACDqHhZi8hM6YEleQgcIBuTGaqO0RQnKCPr4Q47FYS6VVc0lS1/C+yenjHmACBvGBPRGk0j4jHfpH8mSJUkOo8Kb/WPcFoEqQJxuVXD7DaCZ0krGw6HeDaRGawDJHKKrhmAI8+InZcQp3s+YomYVIXNzKlpKrMcoJtC7tRhEyYrMhY/63HuI1iUJSq2rERSpeUnhBe3hHEdQMn19PSRXyGVgw9pyw0FQ5yyMwA1SCW9vxotp8AXOlugAKGpJHER7+cdFm4iQGFumkZ84NK71M1AKVpsS5Ypd1BoH/kKThT/fvHPjs4PYY/mGdn8KTIQhc0DMkOkHRLbnmeUE1VYSo8vV+sfVVT3RfcXAJtpoPGFtXPzjMCUvsz+31jrLGPyZ8Hx/uLBcnufWDYksKDOQ17NY8/6hRREklBWMx57jctFHaLEVoZKcpWTyOl7s/O0XYdgMybKROmLKNFDKHDHRyd+kErq1k+JwtUEpncf4pJphSpRNKVJQh2sCTqSwvreOW4jiCiQp7XAPIHlG/dM0EicHQVJKANNfY62Hq0Z+b2Xly85OYIW2V1Myi7lPPYt4w3RYc5fUS5fEDEdTM1hEyQFKE4kE3AuxbwH+40MztFKQhkJt1GX58REQoMBlDOsWZnci6hyzHQOSw1t4w3xOlp5hCJKA1mcElVhbKdWL33g1tqYzGuPxQqgH/UFpq9SQlTcRuT0O0PMKH6lKlOeEgebOb+kZuswSokpzlBRLfQ6BzZhqPBo03YKSsIKiQEzFNlY/tNlZnubq25QmaznOcRmwKqZGIHUdnEGYuYsqyliEICQdndwxe9g0Kq5MmW7F5ZYZVJDjY2OsdDrCEnLuX09vWOTdr5QTWTdXOVQ80hz6g+cGr+clSZWklzgn0mkkTUcASlKQA6CAAPBtrRecTDbDz1jOYSkrlsUk5VHKdLMOZ5k2gSbWlKynLrqX0bpAWrcsQDLdFzgzWmp70OlhlG419IUyFqCy6Wbfm/LpFVKBlGVwrc7dNNIb0SkzbKDLTFSssy9B+kjVIKpZVmy5XV4sLQuqqPvpYIICiARDSroUkHMspAD30gbDAkoY7OI4PjcjA6ZEGkYYiWhgMym1O5hJMw9SJhzk3NjrGmUR8Klk69LQtEs5yLnk8WFpGZNadvWfS5K5WZIvm0LaWhUcQWZyEg8I1B3MarC0ceUk6O0JsUwhCipcskLclusERkbbSV+VsGH1U9gAzKihC1P8RvF+EzhUynmBlIseYI384pp66Whb6jaz+0Lum8Ruhh1IxsQ/DalcpYWgsoe/jG3pcdC0hRUxOojnGIYsFkMP79IaUeHLUhJdnDtDXDa6tj02IDm012KDZozHJlzZs0koKiC6kgEvfQtzjt2GJUZKe8QJZb4AXbpCbDKKbKnEsAggvpc7Q/XPAR1ha68dcHxiJ3uzkSfcaOpx0tHyagS05Ujy+piMjMEXDXcQKtLl7sOUJ2XMpHUYJ+8AF7HB8S9CFlTkMNT16RGoWSolINtYsoJmcKGwa8D4lNUkFEvVXmfKIwAgOTg/U5lgD36yKVomJyjVPqIz36pX6hUsgpSgDMo7k7DmMresaDCqApzFacpsx33cQBjMslYKQH0J8bB+XjHPWeoZhs6/7DoyhioOoLXJVOLS7lHRw3KBpUya5l2A5v8ATaHVXkopS1E8SgCTzbly1jAVuPrmLzoADaJd3bV+sNpSe2xv1lkVrF+XxC8bpkK41LKVAKSMocksS2oyjmesET8aVOpzIlpW2h7oWs3ClhYdC+ocnWMZimOLmhSAGLlRS9y51fdtPSCOwWLd2ucFAEqSksRplzX/AP1D4rbpvwJb4VVQyBlveM8ClzEVMrOAhYOqmIY2UDfVnDc42HaGpGRIsEgu5Ng2jDnHLMQxNZnTSbkzF26E29mg/BZBWsEuSoWBdt/peBXVkgHwJUrk9jDKtRnzEy5CCpaizlg7fIeMbPsBJnSZc9EzImYiYAz8TFKSDn/iXcN1fopwCQZE1RIZ2D8+fyEaCdVzSHlpzDdmHvudIXa8IvVRv3nP2YdfSD9q6smRkSR3kwpGXbUZgTfQX2ewhX2alrlLKJiioahiQlO+gLOTeDcUoioDvNcwLJJdweG438IIppWSnM1YIBBUxBdh052HXSB9nYYI3OyFTA9YxmTQNiS7k7+flGK7V4aaqchSCHQCCCSDcu3L/cFYJjipcpYWknMpRGj7Bj5iFdPi4K2fUkNe/O8FQspyPTzOSpgSRC8NkZQEgN+bx5XVaJIUAh1b2GV23O8NkqSAVEizP+CA5s5CiAA79LeccHxuV/MZmMIqFKBSXyn9wBIZ3Yt4QemcUh0q4ns2kNpNEoHhFlF9dzu3lAVP2fWmqLq/xDjAGpP8Qdr+3sXIfOdQouA8y+mpZ1Qr/ISlGXUAh+TbXPyinDJPCSCSMygORALBTdQIfT6rMhSkm1wOR19ngCjZNmdLM32bSOIUjAEEbWIPp+kzfaSeuWpE2UrfKpJBIbV+kTou0CVpJZlix5eR3i7GZXcA51d5KmuA/wC1TOBb8tA9JheZirhH8d2+kEYL0AP3l0IHnYh1FVFIM0m97nlDOhv/AJFByeloEpMNQj4VZrv4dDDOTNUCAw6QmWGcAy1jdtgRjTJCuV4yfaDCSuenuQwPxAWAL6xok1WXW0BTaxKXU7uTEC4qPl/mUq7K2RK5WBS05TclOvXSNRLl2DaRnZOK7FLkmwjRUwOUPY8o0eC7nOItymOu0voarMdXbUQWmWZqjLFgzk8hGfw+eM4Ui6SR/cbAUSQsLLi2g3jGrpNi78A7hrmCGT7otYlWwe/vEZ1UlmzB9xtA8/EQh+R9YXTilwXdPyjnt18n1ga6S35o1pkODkAFy5tePJ9GLELZ2cnQeEV0M0rSrIzDy8vCBe0cvME3yoSglyHAOvnDPHpR1+YZH2+36RbkWPUdeYuxXtB3aVS0uo3ZRN30cDQtFPZKsVNmZZvEUpKszM7EMCNHcj3jJ4oXTLQFEkAKNtCWJA/uGXY/EzxE6qUQ3QafnhDRqUMG9oHjch2yh9Yy7e44pJUgEAMxdnIZzfk7ePlHJ6qszXduRA32dtTc3MbfHp8ufWhExKly3TnCQo6J3y3AdnPjGa7WTKRc8IpkszhaUpypChyf38IZo3szeoZUVUx5GZq5dHLxDDskiWkTQEnhyjLNT8TnbMM1ydFRme03ZSdRIkzQvvSSEqKUl0zCCQBupJYjQeF7b/8A/l9NLVRhKSBMC1GYLO5PC5/6s3hD+oQZBGaZ8SilNwDopWUf+qT1tAntesnAyP7qKM2HKiYLBex5qJQXMlCSSNJiSlebfkWOrmCK/Df0ZSQ6msFMTbQ5gHvGmNZlzAl+blze/wAooVPSTxGx3JtGf/kl2wdfWX2NxXPnBASpVlKFn0Lhw3zg2irl9zlQLg69Df6wmx+emoCdQxChsXvFUjF1Sv2uNSk29xpEdd6MOqFkxjc0uHhZJ7x3FyfOwDRLF5y1S8qdEkEjmNW9flGWR2wTnYoKTo4UFA+NhDPD8bRnICirMCVBi4B1+Y9BBFQoOp0DAvW4OcRStNtGu+jamFUuiInpQAdUkljyc9P7eNVUyM6swPC46buPeCUrIKUniJsGDj0iEs6/WHS4qDiDIw8AAkHW/XwMe96hCgAm6bgb+/lDVUxUtDKdhrm+8LJ1ZJVdSSFNuli3jEDBGAcRbJJ3uez6kcSgb6MbXiiXNUSH0gPGggmWpxqx8D9j84ZJk5CkO4ILchyfpE9TozjgCDzUzV8KRlD8x9I+SDLOU8oMKwjXx8IX4rXAJcoUprjKkkv5aW1glTEnHrKkZ8RJjk5BZCS+6066HmNL7axfQVSplg1tYAkT3BJZOpvpe8D0OMH+AfYgt+CDshYaEKqHePSaqWgIc6RTic6ZlR3QdQUCdPhYv9IqocRMx0ZbHV9IPlICRcWJ1gBXqckSoODuIK/Ep+Zyl0p+JJ67wLR1i1zC8s36bRsyhCklgCPaKkEFQBTeJ7LjGPrL/E1oSOB0AUrOzJTp4xpkC0VSJGRAG+8FS9BGzxqulYHrMq6zs2ZT/wAgFXIHDyZoOqp61JzksCNo5j2crlhSUKGZg3MttHQqWeJgAQXDX6bR5u2sjsrHz/czVsrCEQMlJAYkvY8/GNBWMgpUwJAIv9YU0NRLCyhIfY+ZvDXEp7Wga4rpLZ3r09swdpLOBiXUkhLBSU5MwdrWcbtCPtRXTkIICUlJBDsSRtzgzs/NR3PAom5zJJfKp+IDkH0ERxFJe/jBbLugHQefPtFzV3YqTOS4hNUFZgSVDSDuz0hct5qgM0wbbXJv6vGgxKglqmZQAH3ADhuvpHyqBPwgm2p3hj/J7JjEmnhrUc5g3fd2lSkodROZSrAktoVH5RzabWmZMUpQusk/YejR1GroEzJZl3Sk2Le7nruY57X4QqUs2OV+FR5bX0h3jWDGDHKsZPvDMDxj9LMEy7gM7nTkbhwfoIh2j7YLqinKnIUs0zMc4P7spDMDb09ExoVrOtnvf1h9g+EharSlAOAFMrKOd9IuwqU9zsyWOTNP2BrhMo1SppOdMxagpR4lZuIqc3NyQYYYsykjKwFgfDy/LwNjWEoTJQEJYgAeNtzvpGew6pmqcBfAgF0n9p/rSELMWMzCQia7AzS0Uj9zgWs/23gaowgTJgIzM4KgkbcnGkRpsWlqlbJWlwX32ccw/wBY09NUyhKSkcOhKjrccVn0c2v6RCVkt5inI5Rp/czM1/ZynWhMsJUhQUTnZ1EX4X3a3pDTCuzapQCFF3AJWWzdBbcD7xTXV+VYyKJGgVuC24c+MLcK7eBS+6mIAXmKc18tv/bUsdoKyP0KnJxK8fkPeD+kcz8JXmCUqOR9NSdbasNi7HSCkYSabuld8uaoqykMCkJLuSdbWvvAVRjAZWUkWcHr08I8pMcE6WAC04puC+vMA6gH6Qquep1GT2+kdVlUAWZ9xbWE9cgTU3GVY0CgQ3jFWGVK1LzTFNksBpfmeoj2dictUzLmQSoFmIJIGuh2cxCqc5JlSOviKJJQtV2cW19ojX1ipKigJZwCCeu4H3gTGaUyZwmIX8V8v7gzD06wXT4kZxyTmP8AGw825GG2rwc+kDVyOzFCNie4NXTZpUlSQQjVRt/s9IORL5c9dh0itE3KClKcqU28T+b6wFiNRmTlzKT4WtyO7eEU1kYh8Zl1VhKZoUF2cfELseY9oBwzsxlQQtQUXcEWLbbe0Sl4ouWWJzPp49d4qqsYnE/EEg6sB8zBkduuIRa7DoGTqahFOlWU8RcAcz9hBOEYoqcQCALaO79W2EKjhips7vE5MmVIVzCruAPSHtHTypVkgZ213jnK487MqFAyD5jeQkBKg3lF9BIzKfQDX7RnzVKuknxaC8OrDZL+7PAFtVSNaEs/FfoWzNYqCkS7QswwlXh9Y0cuWAAI3+KfiJ2mNd8hxOP9i5C5pVlAzM+YkC1nud43vZeXOaYgoKE/yULPccI3fV4yOGIXT5UoTmWAbB7+m0dAoMRSZQI1I03Ba79YwG6s5LeJsXFiNQKVRBc3ulEpN+MankH6+zQ94UuFAPpf3eEVXSqWcySzB239WgORiUxasiuIjdh6mEyxQYC79/cTmpNgB7fvHGHy0SyrKAMyiSrmHs8RxU5iR4RKlQlYdyGLMOdtfUQHUz8mchT79LAwJgSArePOv2lQPmyPMXTadICjd73eFVHPWtfdlkO5zi5bkBsdnfeG0jFUpQoTL7uBrzDQImdLsqWAonZLb/KCV63CnO8iVYqBKASFW6m/rAUlDpIUoKBDMB89j/uPZ8kzibMNCDrFUmSQsoSWbKGI1zWHvuIMhYCcQMYgEzC5KLpFzYjMW9HtGm7OFEiWMxzgOzpYgfxIfUE9NoOThUuWsZy6ev8ALa42g3FMJlqDoIQokEqAdwOYf3gj2NjBOxBFgdekX0OLyJsxaAOIXAUGJ8H/AC8FVFNLmkHu0/CzqAfreE+KYGQpOUCYX4dAQfMwehEyUkO6SxAJb85wE+4+v/ZxA9DF2L4QlTkKYp5gNbneMyjEGKgPjUQ+Y8LDRoL7QInBOYqDfubUg6wFIXLmFI7sk7ENbrDVHjMDyOP8RZVVVpNg3XrAcmhlCZnWUoKiS55k7X1vDJWEKSonVD2YDpZxreH9DSiQSTYHXnYcz+awZrcSONR8IE+8pTQpnyFyieJrKGx2U35uIWYRTTc7TE5VoGoLpOzpV56ajeHa8QlglSSH3ZvlH00qWAv4AGcNcpcEv5CzfWFjbrrGgpG59WSl5CxGZTAHYczZtHPmIGl4bKp0qXYOXUos7lz6O7QVLqiucAkOh2dm6vfmYX9tqLvSljxJDtdmZn8Q3zi1S58+IJ8jUyippKiSpTm+7v1MPaGbL7gggiYk5w4LhNnI8tRCvCqJT8y9gYeVFFwEFPIkvcD+4asYNr0itNHw27HzKqfEqdR4zcGx4mvuCILxXDhNQQDwqBDjZ4ziqkOpJSeE2tDWhxheQOLg7jXz5GAsnXBEe6k+IAxQMtyRwuNGH1f5wdSUZUAoh76/OHC5cmYAvvGJuzBkk6hn11vHk1KAf8T5Q2ZvffwiGs7alzbrAES5lSyQlJJJNtgA33jxFY5CxZQ1JHqIuxOqyBKnAc6WdoAqMQQpISgFnKnLPcmxbd39ov8ADJHbEinkK9xQ+YwROd+sXSUEqDa7QokzY2HZXDlTFBRDcvvAloZ3Cj1mhfatVZYzW4LTMA+1oc5YhTyQkACL2j1NadFAE8dY3Zszl9fikuSykzRNz7JIGVmfMLkDRn+kRwTFwV2DKJIYmxGxHyjCT+MkjSCKSpMpSVMXSoENy3EedfjhlxPYmtevUTs8oskDVRYasS/01hFPrhTlRKSXF2Z7F94Uf/NU5CwJUdVL1/OvWENd2jSsElWY9CGhZ63Zh1B1EkrxkN6zS0naZJmZEEgrOYuGvyvuw25RKprrEDct5Pc/OMBLlrmLzBNzsNhDzD0zACJji9n5RW3jAYIMIVUeJpU1UnOxUkkB2219PLrFsirkE5wsBRsNn8eukZ3BuOo7uzEElQvpy9RGjmAywMyCvUAIGYnyaBuvWBYDOJbVLKklcqVmWLM7E9BYvEsLTNWkKmS8qkqGYNpcHc7BoDk1kxDL7tSLvlUCGvDLtJi5lISoarBHhZwYqGyMHzKFTkAR2vKUhwCH021jyctKQwY/SMLQdspy1BKUICAPiLm+4dwL3gmtrFruVENfU6+XjF+QW7eMSFpI8x8oBwCGu4ItcaX6QFMxITAUmykllAm4/LGM+rEpoUklRKASC/XT3a8WT6Mz1iYheQiyjckjZgPPXnvFUU/l9P75klMbMtmzsx7pYcF7n5QMhdPIDZGICgSASrVz4/1DKdQIYOVKIvm0BPgIoTg6VKSok5MyXB3D3HR7h4Mo6fLmcGUyynUmeGlGxYk8hzLtBlXLSrhyhhyzX63hh+gTLUogAOMrbN+AekCKU+w/P9QK5jnEY44XzA04bKdKu6SSGYsYImAFWRI+2vyaLFKypJ6/nm8C0U4ZlqOw+/2gWSSBmHKgqWxJVVMmVMl92CTcqbTYabbwPX4dOmzCspUJaRluQCW3AfcnWHNMgOFK53gyqmhj7Qwr6J/iZjnBxMrhtDLQXSkE8/iP9R9UVXeZ0pHw2Ox00AhzLCUAkWclRbnu/lCmppVlZXLLXCiOe/peCBi2P1ldZiydg6SgvZamDjna3tHycJTkYqL8x7bQVO4xmmajS5Yc7c+seIrStkpQxPM2ESze0uMxJOQqWAkXA0eCKKryqSFfu08dYbVGDqyub2JcD8aBKSVJ4VTnCknhSXFwNW1IuekT1Pr5lu4YahFXhqZiWzBJUGJYH2MZ4dkp+cZClQu5Ja1mtGtlVcpZGVg3MM/rDOjlOWTckQWi0huh8RZ06nuNERLhPZxKCM3HMOg/aPvHQMMoRLS2+5iGF4YJfEbqO/LoIZJEb9NK1+BEL+Q9vkz1IicfBMSaGItOCYtgs6jWyw4ex2P2gITEqBJsX+GO84jhqJiSlaXT7iOZ9ouwipZK5JdPsPtGTfxiu18Teo/EQ/5/MzEmlV6wwwLBJRKjNS6jo9gB5fWGlIlEtJEzVNy/2gjDcOmz3WUFCbhLliRz6RlM7DOIw1nbzCKLs33ix3ZYDXcAfeGMzDCiUtAIJL3OnIQdh879PL7sKD2B5+299YJnALZjbWFuwOh5gGZs78TJUOEdzME0n9pBHJ7lvSNFS4jLKSZRSVjhVzBGobWAsSkTC5SXCRZO50gOhohLQVKOUnifTW5v5xRiTmXOGGSY0qcTStwlwRr6eMI8QxQGWUKZShwjMAQAd7jlaBDOKlhMtgtRYZiwPTnDJfYwzEd5Mnssk2Sl0geZc6dIvTU5JYy//wA0xmZhOaYciPTb+toC7QUtYkApmKWkXKXSGI0bcj7PG/w/snIlgqK1rWDq5T5MD+PDCXgVMoFSpilf+IUwH194aRgrZ19cTrb1Y6zM72Mw5c+R3lQkjMSBLUlrC2hux1c/JnVdqZv/ANiVIp5hlqK2UUHKC2qbasHeOhvJQkplgpsbkqJLW3PWOfpUiXVlJSEnNwPcMoFsp33HTSKK69yRj31uDByCWlysHQkmYQpa3BdSlKU+lnNtdBa8bSkw0mUnNYtcWcQnlrQVpGYODmb/AKlx7tGmpZgKM2Z+nKK6bbbgmY4i/EqFWUqF2T528BGKOPF7GN1Uzyq1wNSLesct7Try1C0yxmyhJUw0Jc3az3HtAqaktYkA/WPca7qOrbjVfaMfCpQ8CQ8W4dMExdlOOmnhGPkU6ycxAyki+nLeOr02FpkSwEh3Z1DfyGgg1nHRBqFu5BUYxjMIow4blFWLVIQjnHn6jIGFwSA/0fSF+PycwGUWOt4X66I8+8zxgsMwJNYqYkpSLEs42/NITTa+dLmKE0rCAAApjlbxHSHmHyClB3bl+dYsmVpDJyJvZxt+dINXgDHpLM2zgRXMaZLdKyE7lIclO5HX+4OlUZCULBAQN9y41ggM3CA+zML+MAVlPobpu5AsC2ttHi56kYEoCY9p2DF4QdpK5ClBIAdGpG3/AI/eFVR2gmIJSlLgaOD9DDbs32MqJ5EyoJlS3cJb/Ip92/b5+kO01s46gTjWKvnsOPaBYNSKqJgShKlAXU2w8dB/UdJwPC+6Hwt0+5hhhuFIkoCEJCUjYak8ydSYPSiNGjgrWwc+Zm8jltZoeJUmXziwJiwJj1oficg0fNE2j5omRBK+oKCgAOVKuAHJAF29oXpqFzCpKSlDZi6h+0FgG9XMOjKBIJFw7Hk+sVLoZZZ0AtcedzFSJYTF4lhXfIWWSnhzENY5nAAILjnA6O/knuSxCWZbPs5FizxvzSoLgpHEz9W0iifh0ogJMtJSH4SLX1tCN/ESwZGjGK+Qy6Mwf/JBc8pBSyQUqYgkkB9vSG6JglykFV1KTmswAs+55RX2o7N08qSqZKSUEAqZJs/NjpFdbO7ujlLSA6hKdwCHUUAnxYmMK2haMqw37/vH1f4gBUwafistPEWBKgjV7c/J4vlrlTh3WhSAToQQCCAL8ozWIB1gnU6n1gnsGgKqi+mVRba6kj6wvWpf5RGLMV1l/aHVmE0gm95kVnIS4SSE8LseEW9doYpr1LSJaQ+zvZvvFE+UFTpo0ANma3tGdxKrWhYZRskKHi0HamwDZ/SZNfPdmHYazNjT4YwPeKcatoPncxWudLRZIDdABC1FeuZLSpRuwgOZMPzgS1BhNcZzuGYnVlaQArKxBBDW8uuh6GM5i1UwIYKU4DeJGntB0xRaMnOmGatSl6pdIbQAEtDVFIL59oty361494fS1JSplqZw4JIfwjbYTVKVKlSwwUAEuT8VviLAMTd/OOaU91Fxu3tDJeOTqdSVIUDYpZQBDeTGL20hshZapT0GTuOccx6dJmKkpl5ZluMqzA+Ay3HmLi/I5EuxdXxK4ruVEm5LWdyYAm45OqphmTVAnYAMEh9APu8Wg3F94ulAqAUiO1WVqpLeY5pJLq0cb3Ys2v1gmh7YVVMsSZiBNlB2JJExnIAB0sxsRyuIGbIot+WeA6aSAsrclWjnfSLMygnXpBMCyDM3dTWpmSjMlkgsVMRyuzD5jnAlHVrmOk8n6D85QT2XU5WCAwb3gbDktNUBplB+X3hJ69A+8GrDY9o0kSwxUhTpS7tC4IStSiLD9r/mjxCpl5E5kkupSgeUUCeUhLbkQJcEDEnBh0mXNCmIZP8ALbwN4lRYdOqr5SiWd1jKPIanyt1jXUWHoSElsxLF1X/qHcmSI2KfwzJy5+kRfmY/KPrEOA9lZMgheXPM/msXH/UaJ+fWNKiU0WJETaNeutUGFERd2c5YysJiQTE49i8pK2j5olHxiZ0jHkSMRiZE/9k=', 'đây là cơm rang\r\n'),
(4, 'phở', 2, 1444422, 'https://beptruong.edu.vn/wp-content/uploads/2016/07/pho-ha-noi.jpg', 'đây là phở'),
(5, 'thịt chó', 1, 500000, 'https://files.giaoducthoidai.vn/Uploaded/thuyvt/2018-09-14/221/tr6-PQNA.jpg', 'áasasassa'),
(6, 'bún đậu', 1, 2000, 'data:image/jpeg;base64,/9j/4AAQSkZJRgABAQAAAQABAAD/2wCEAAkGBxMTEhUTExMWFhUXFhkbGBgYGRkaHhsYHhoXFxoYHR8YHSggGh0lHRgYITEiJSkrLi4uGB8zODMtNygtLisBCgoKDg0OGhAQGy4lICUtLS0tLS0tLS0tLS0tLS0tLS0vNS0vLS8tLy01LS0tLS8tLS0tLS0tLS0tLS0tLS0tLf/AABEIALcBEwMBIgACEQEDEQH/xAAcAAACAgMBAQAAAAAAAAAAAAAEBQMGAAECBwj/xABBEAABAgQDBAgDBgUEAQUAAAABAhEAAyExBBJBBVFhcQYTIoGRobHwMsHRFCNCUuHxM2JygpIHFaKywiREU2PS/8QAGgEAAwEBAQEAAAAAAAAAAAAAAQIDBAAFBv/EADARAAICAQMCBAMIAwEAAAAAAAABAhEDEiExBEETIlFhFDJxUoGRodHh8PEFI8FC/9oADAMBAAIRAxEAPwAgPo3rGyg6nwidhu+cdpB0HoIwHqAqcKNxPMxIMNqwEEpS9466ttHjgWCqkjfHaJKdz90EtwEbEcCwNUkvQtGlYc7/AAYRPilZWN4HM4tp3xwysinSaXMQSzWrGJlknXwEcJld/OkcOSoUI5mpO+OkvoPAPHK5L38zHCgypkcLmRIuUBqI5UoAXgnDnDLzykKH4RlVwIhRtvbipJypTo5UQTrYaPz3RDh9pKlKzJq9wbER3jpcjFNlnnDzB+FXwk2dwR3V7oo8lxpci4sUY5VKauIvwXS+a7dg9kuVkJ7bmzaMwZnoYIn9IcSSiWlUvOosrq0lakgtUD8RD6PA+N6FzkI+6AnFRLkLTQU7QLh3rSscbM6K4tMwnKE5bKUpYBoXbJ2uGl4h/t9z11HoXcouP7/T9h5jMcqUlKkzFrdTJLZxMSQFBRUB2SO0CBY3h1hcdLX8K0qO4EPxpeKXs/o5jEKmFKOrBonNMZOUl1CiipiwFq8DBZxOGwq+smzhOngMES6gFglyXu1HpQmhiuJzXPHuef1ePp2tpb+3f8P1HnSOaBKY3Kg3dWK7Jn1oYV47bK568yqbgLARYtgbHBSJs2r/AAp3j8x4cIrJajDFqC3O8IlRskq5QcMFMP4G5qH1hpL3Cg3CJ0JfjHLEhXnYhmYCcLIB5KHzgVUmeLywkcSPlFpMs7j4Rx1kc8SOXUMrAWtviR5/SNDP+cDuh7icEhejHePdYTYjDqlqZRobFjE5Y2i0MqkR9SdVk8h+8cqlj+c98SJI3mOiRvPlC0UsgyJ/Ke8/rGZU/lT6xKQNAffdGyKHscvdIB1kJbgOQgdd7GDcp4D33xoySdT3UjgppAwlHcfGMg37Od0ajgag1BEbzboH+1cPGNfbDuD+90LaDpYWFGMCzvgL7Uo7hBCpu/dqY4DiSknhGZzviAzHH6tEaV8vF446giaqjn6esRhf8p8Y13wNPxqZZAIuaaaPqX0NhpHWcFZ3sn1+kcueHvnAK9pMHanD9fpAOL26kIJYEZhQ1vSvDygnWN1ra6vMfWOpaAUkhykXuflXuiqz+k6QQASCbBNPSIT0hzBeVKypmF1EmlKPpB0sR5UWwZfzN3EerRwUIrUUF3G8BvPyitzMfMSkLWkITSpI8OdIFnYuYrLkBU503vY8m8oVuiM+qUfcKx+2ZCZikEqLFnABD68aGkS4KSMQVdWQQEkklxZnFbXEC7W2dLRISerSVqW5VXs3ZhzYd/hXpO0zLHVkAAqcqAADGmVgPdOMdpU43An8ZN7r8C6J2VOT/DmN/Qv9ognTMSmhxUwcM0VpG0EKBdaToHez15mJ8HPOVOqjYaks7eAgJS+gsuufeCCMfKmr+OdMVzUSPB4BlYEDVoPRgMQQVKY8ARus0HbH2WmelWWZlmo+KWoMWqxGtWNG0hkmXw9TDI9NUyHCSkjeY9GlkZEFNsiW5MIo8/BTJPxoI43HjaG/R/bqGEiaQn8ijav4Tu4RaDrkOWNrYuWy8KFAKMOEYcQo2dPyUP7w8kzQY3RpLYwO7MGHgbE4IG4hkmOJ1oYBVZ8ky1Mag2PyiHGSQtJBHLnB+3Fg0v8AL2YWYrE5EFR5DiYhkSTKwbYnkgbhBBCvw5fAwqQtrqH+R+QgySpOqvJR+cY2b0mEFKtT5/pEJlG7+cbzp3nwMcGYnRKvAfMQoyTOgjlGwlrECIs9Gyq8HiJKCLBVS8cHSTqn/wAw84yIsq/yHxjIFnaUTEDe3D2Y5AD/ALRvOBYDup5xyqcNQPfOEKHRWPbxOVUcN84Bzh3p4RrFbVlywMxJLUAa+g8YKQsglYdqDl+0QLxiU3ISeNLNStfZglCsqCsKzZrK4aAM/OEO00oWCF3JLKFx9Yks1yrsNo2sj2h0gdYEuYlgK11LEU8dYClrmzZgKQpaiXzEUHGtAIW4ToweuImrYFgggfEN1aJLNd3fnF52ZgxITkQMibl1FVb3JhsmaGPh2yUYZJvikQS+j4NZs1SjuTQeJrBMno1h7FGcXLlRD8d/LlB6FjeLinDWCSp00uD79YyS6ibWzK+FFdjz/pj0cKJomyJfZWA7EDKoCwBsCA/N+DgYPG9UhloUDUklJAJNXf3aPRsXKC5akrsaONNxrxq76RR8VKXKmKlmpBuHYilQ9WYgxfH1DcaZnydJGTbuiIY5S0kpQ9tDQirsVU5xDsuStaxMSew7CrMWII4gEnxix7PwUtaR2RmIqbB704wp29IRJIEqYoLIdgQctql6hwaU3xSOSEriluZ8vSOGNuwzbyVfZ3FxVt4Sqo42PgIqU3DhcvrUWaqT5sY5xeIUKKUt+JJfWrnlWO8BOyVSHJqpD0ULONPYjRihoRijGgOWykgHW2lYOlyU0zAKPHSB+rRVYdSXLZRU8OB0iUyylRZTpdyS2taUtWxtFJJPgScW+BiiadKco3NlqqtLiZTtVqAxynusYVyMWogFhchmqKlvIR1IUtZ3kVaoDe/nE3BxYkYyhK7LB0f6T4jN1c0OCl0hTvltmc1ywbtOXImBwlUpVapYjvHjZoT7OWlKlEqUqYQMymNgGAfc2geCJW1BMzSwT2XqfwkVBrarXbXSIzk9Xl4NPxM0/KTbL29ipDIDTUvQF1Cl2LOluNmtFj2f/qHL/Ghcs6t2h5V8oTqlBUrLIAl1LpJCjN1crBau6wpQUhdKw8taSuVXL8aG+HiKk5ecPjzS3rsasU45nUluejyOn+GUP4qe/MPlHU7ppI0mA8gpXyjzdM2WNB4RIMQDZvCKfFTNHwcPUuGL6Uy1fChSjvV2QO4OT5QonT1zTmUX3BmA5Qvkzt7RZtm7JIDzKPZIv37uUKsk8jGcMeJAEjDb28DBstLfsYdy8OhNkjn+sRqxssUMxA/uT9Yp4XqyXjeiFQaNlTaiGiJqFjslKxwYxHMwCDplPD20K8T7MKzLugDM+o8YxQ4iNYrBrRUdocL+H0iGVMeJNOPJVST4Jcg3xuNOd4jIFhAis744FdPnBAkcAPOIjIzHKPhHxEf9fe8QW0lbKWDLUtYWJYDpJSSXAChQigcsaUHfC/D9DpsxaZkya4CnUnLQsXABJsbWtFrwslKQEJDJ3DTWJsbiurS+gLNGV53exzhfIv2oDLQKhktRIoEt7EIcQRNy5KlWjX+kSztpqmTOrl1UbkswGpO4NB+w9iDDhVSpZJOZqDckBqB9awm0VvyVuhcvZs9WUO5SkEVYhqCz25+ENpeISmWDMSoKYZnL89WPpBMuaQS9GYkiyiPisdKaa8I7myhMougNafXTWJyruHUSbMUmatKJWXtHRhxPk8Ol7LmIsxu5G7kYRdEUIO0fuwEpTKW7AB6oDsOJNbxf58sExv6Xo8c8dvuzD1OeUJ0jz3bwxCU5ZciYokkfCopFjmJAPhrFTXKVmImLAV+Ugg+BLgR7gk0jkpB0EaPgIpVFkl1j7o8YnbTVIlpUmUzlSQtVgoC1KEsQQNa7iBW8UtIJUCVKJclxcglT0Gse8Y/o/h5qJiVSU5VsVMGdi4PZ1G+8eWbZ6BrlqUZaguWouHHaTwVoW/N5QV0uhWjPkyvI6b2KNiFZz2laNlcaQfgUlSTkSzXqWJ4Oab/3i0SOg+JykZ5eUsSkocOHALgitTXjBSuis8IpkJAqEux5avz8Yr4ciXDKCtZQpZIuA4O9vOB5GLUpaR8Q3H17hFu2lsDEMHl0Jo7XFWINRpdoruKlLw6xnGRQBLih7RKSRw97oNNcoaNMzrR8Ivx15eeusEbJnJM0IUmjFyaZVMWIPzgNchU0OgFb0BY33ViTEBUsJStJzqJGXV2QxcU3eMLOmqBNJ7Fv+wgmn+RJ9kxOnZErKUkFlEFVS5Itb0pAGz9oIQhKVkJUz5QXNa2v5QVJ2shU2XKQ+aYWBZgC4FX5xl0vsZqaANrNhZaim2dBToSqgOtWQD4RFsuZMm4hM+RJmpRTOctzqQ1wQzjW94ImYSVMnheIWAhAJINWsWAFSTuG6PTMKmXLQAlgGDco56Yq3yWx3HdclB23sjMFTpCaA/eItlN3S7aVy39IQSSVR6ntCSiZ2pK0dcgHKQQeaVNVi3dfSKFtrDf+4lg5Vk50m6F/iSe9+/mICSZ6OHPq2GHRDBhU7MoUQkq76Aer90PukG3k4dIYZlq+FPDeeEV3oXjWn5FUExJSP6qEehEB9M8wxLK0QkDz+bxpxKogyu57gmP2zPnfHMLflT2R4D5wvaCcBOlBf3qVKSAeyks50D6CMxCEgoJISmYokAELyIcXD5nAIuK+h8WOrT3L/CZfCWXan7oHQopLpJB3gkQzwPSPEyi4mFQ3KqPOBMTJDAoTNZqqUAAamrD4abyavAohoyjPgnlxTxVqPRdh9IkYmhZMzVP0gvH4F3WgdrUb/wBY8tzlCgpJYguCI9P2DtPr5KZn4rK/qF/rHSjezIXW8RYnFHh5xkH4vZzrJFAa/WMjP4LNCyxNYqcJaXABUSyQXrvNKsBWkT4ebmAo39oSHN2/XdCraBKMRLCyBmUAE3ox8CSB3DjFpwiXBCWppGTPKW0UVVVqAHZJLhLXf1eK/tfE55v2eapSCQVS5gHxJ/EjcCLvWjU327FYe7Bwbvv96wk6Q7JE+TkfKoMUqDOlQsd9qX1jHGVTqZaEk1aAxhEyksmWyf5fCpfMTxNYkTtAbixo/wBYr+zdsz5c44WbLK1gsFIS4KX+M7hx01aLXLwoVlUtL2v+lzDT1RfnX3lFpfBxJAUO1Yl2L20YbqQFtXH5UlALPujqbKJUQFKFw96gtCDE4RRWcyyU5spIFXFSNdx8I6EdbOapWXP/AEvlAmbNILlWVJq2QbtPid9eyIumJWHiudCcKmUClHwkAjviwzpOaPfxR0QSR4maTlNtkKZqnpqaDhxhlLRvjcjC5Uj82/hujpiIqkSNgwJPwiSLCt/e+ClfvHAMEAsnYPq6j4SLXaIFgCwhvNGYAc4AxCQjtVb092hrAAz8OSk9i1WZxAGN6GScQUrxKAQgKypBI+ICqjuDWqHbveycSGpu9/SCp04hLt4weQUeULwolFaGSlKGDgAByVAU0BZzuiqbSxCZkwuzD4SQ/O+/fwEMOne2+uxsyUjsplrAIr2lgDMovxdNKdkGsVtKVTJgCdDU/LmY85xjCTGwdPPJNQhu2FJCirKHA3mvcBBW1JC8MZalMFkZgkntJpQqY9k/XSGKhLwwykBc8igCi0k7zlvMHNk2qbCzsOUSTiJhZJ+Em6zV24BjXewuYjrd8fcfUv8AxGFdM4qtX2n6+3ov7DNj7QAWpYRcOgLLMPzKYP3C7Rctj9HlzUBeLUVE1y/CBVxma6q91o876FyFLxsnMXzEqPIJJbxCfGPa5i2AA7+UdkSXJ8mlewsmdGZDdlGUiykkgg73EV5cnqp68PN7QndpJoAoiin3KZjT8rxcsxcEk/IiK3/qHIaR16aKkKStJ4OAod6SYSLTdorDySTKBtUKkTVIBPZLg6tcGLGifL2nKCSpMvFoFHsse+8cRAXTHCGZKl4lAJoAogaGxPf/ANop0rOC4JBBcF2IO/fGhTa3N7gpIa43Brkr6ucgpUNDqN4NiOIiJNCDur7aLDgOlKlIErFyk4hG9QAUOIOp40PGJVbMwE3+FPXIP5ZozJHeWP8AyMWWSEtmKvExtNdvQUr25OKAg5SA7KOZwGYgOpmYDTQQtaLKeh00/wAOfIWN+Yj/AMT6xodCcTquQnjnUf8AwhoRhH5Rcmac/mZWJqovfQeQpMgA/iUVck0A8WiHA9EcNLIVicUlTfgQC/gHJ/4wxxe1Q2TDpKU/mNyOQt4x0pJCqLlwdY3azLUEhwCz+vnGQB1a90aiHiMsscSr7axwlzJZDAIWFE8MzF+TLP8AcY9D2fjBlC0qoRwY1v8ArHk3S09sjeQzVcfr84unRgzBhUomIUlaXGVaVA+BtWMfUR8in9TRjacnD2LRjtuywFFLne5vwpFS2t0oUxEsAF70iNezcVMOVMsJ/qUPRLxCjoPNf7yclzogfMmnf8ohjjH5pMq3GOyO+i+0FKxKTMUCVS1JfvCwPBHnF/AsG19Ip2E6F9WpK0zTmSoEFR3F/wAINCHEWrBbQSta5QfNLyudC4BBBiXU1KnE6Le5zicOQonf7eK1i8ORNmDQlK6NchiX7hF1nGxI3V3RzMwSWcBzry+WsSx6uUB5dPID0VxKwl3DMBxp6eEXHZ8zMMwLgHnHn6uxMUgOyjbfui+7GSEy2Hsx9D009UEzzOojUmNkrjZgXDqLVPfaCgY0J2Z2jlmrEU5IvaJzAWNxGXnDAOSuh3iEyFzZpUAwQT5A+UFTFueFAeMEYUMBw9ID3DwbwuCTL4nWO8R2kEGCPSIMSGBh0KfMuLmLVjJ6lJaYZs10nRWYhu4+hh0vEDBS0y0B8TMFyHMtJ/FwmKu9wGZiSzn/AFF2SnDYlWLSAUzmZP8A9rHNTcWCjzMVXZ8tIWZ2IcqLkIHxKO7hz0D6xgy7T3/tnudAlDFcX5pcv7MV/wBfZd9u3LPAYUSZfXz+0CaAkgzVDQNXInU9wrZTtHFrnKSJhZKUgJSLBIt74wahM7ELz5ComgSkFkjQDQAQLtzDKkkJmJKVCoB1Hoe6FhGmR6//ACEsi8LFtBfn/O/d8v0TXotjpcjFSlqoHUknc6FH1A8Y9MkzcRiWUAJMvR0gzC/eyRwYx5RshAVPwwNlTk/9VCPdEqAS/CJ5Fbo8cWnZ02n3rsG7SE2/taK5/qHiFjBLQUFzlDpcpbMCXOlBrFw69XDujJ4TMSQQ9GIIu/yicKvYamik7PWJmDEtKnCZSRqyiUl3D24b98VeZsvd78Is+wtlKw8+fhx/DouXwSol09ynHJoFxC8iig3SW0irPRwyUlYnkbLVuPh9YYydlnUDviZGIOgPhEn2hr07x9YmzVE3K2Wkbu4QR9jQIilFa6oTm5Of0gbEYvKrLc6gEUO4kPX2YW6BOUYq5MMMlOgEdoAgaTiEv2gW3gv9IYpVLAcMeJ+f6wI5Yvhk1OEuDjON8ZE+aWa/MRkPrOtHkXSFZzD+lJ/4pj2qeuiVMmod2Bfy1+seUdOpGWc+XLwpawsBoElv5ov3RGaJ2EkFUxsqAneHSSmtKWheqVwi/qLif+x/RDQrU2tR66CI5CVXDsW1fvEHKlIDHM7CxNvr+sdpq9Rfyp+vlHnWzVqIAwG86/IQDsAffTVlhmYf4lSfQgw0VL08/fukU/pbjZuCAWgdiatlEUUFMWYsWBAVZjxh8cHO4eoJSSVssW2drpSCmu48CQ472ILRBs3bRqFKpuLRQsHtqXNUT2+s0BDuX0IfzaCpapsxYQA5Z2Dkgb27w9rxaPS5FskB5cOnkuc/EpC+sSS5LZbO5ZudoveymKQwYN9RFc6OdGkoZSjnmNc6HcAbc7xbsNLylo9XpMEscakzzepyxm/KTFJsI3LSwY7o6zDzjoTBGmjNZDPnto8JsUCtRO6w+fGGu0cXLQnMsgDQangIrs/bv5EAcSfQCBJ9mPFPsFYcEHtH9/lBsst3QhwmKzTDmLU3Ud+b6wzWFUObT6fSCpJIDi7GSJwgbG4pITcWpFU6WY+ZKQlYmhKA7ucpKiwSOQck1FBC/DSFJcrJZbEHQBh5u5fcW0geL6Dxw2rAOlOEVj1iUCUS5SwcxFVFi+UNuNzSusc4PohIlkqUCdO+narf3SG3VKdwWV5H373wRLnOKi8JLzclo464F2E2YZZOWYSDYHTwgbbuxftiOrUMpT8Ew1y0rzBZiKb7gQ/Qgco7kqKTvZ7aAl34wukeTvk8OnzJkpWRXZVJmG2ikkgsda2Ij27optxGKkBTspmWNx+huISba6KiZNM1E5aHIK5aQEJVQv8AD+K1bkBr1jqVhpcojqwZZAopPz0UPdIz5/LuzDKNPYt6pR7tPekdoQzwgw/SBYDLlud6CGPco05V5wm2/wBOVyUjLh1OosFLIYH+0knyjNjUdWx1vga7UIOJH8solQ5rQ3orzik7QxqwtTGj+7w66LS5i0TJ05YMyaXBt2EuAkDQPma+t4qM1SipX9R9Y1RNmJOMUg3D9bNLAniXaGKSiWQQzimdR14PaBZWJTLSwTo5Op+kblbImzB1ihcP+jRmy5Yx+Z0h8ubw1tuw/E7ZKZSylblmcGzsH4XhfgkdgEB25+9IFn7NVYgmFYxasNMyn4VCj6bx6exCKMcq2MOTM8j4LZh3LRNjJa0WIBo7gac6ftCnZ+LmEZspbQlgPO45QSMUpfxG3f6cozwx6cmw+JvUiU4sm5JO/wDcxkQhA4+IHyjI3G7cL6bYJ5QnpSFdWXUCAXSaKvc2L27IAhfsnHtLT1SgEGoSGAB5aRecOpOUhVXLB/6SdeAV3DSpii7Y2QrCTSpI+4WaED4Vagjz3HSoIgzjqjsZs8ZJ6ocjD/floICyGI7/ACvDbB7bQ/aPnbhHm209qzET8oy5VZGPBgLi9QYkwmKxcw5ZJIDu4A5XNGhPhU0mWxdT5EnbZ6wNrSyHuTZgfpFU/wBRseibhxLTVRUkpADkkFiRvDPXjxiHYvRuYAVTpq5hUKuo01LfXhRobyMPKFAlIejkCvMm+lbwihjxSTu2X82SLVUU/o50TK0lU2g0QxCieKgQw4VPk93wssYZLolkFwH7SiH7NConL/awvEkyaQgMUgJvZIA3uSB5wNNx5mBkdpLDt1Ce7819KVvDT6icuNkCGCEe1jHY3Sjqp/ULLk2uo6vo5Dgl+e6Lpgtuypisjstrb+RsY852dkQsimci/AWFmo9uMd7UWcpyqKCPxO3e9xD4+rcaXYXJ0ilJs9WN+6NLRR3ig9FekWKTJBxCCWsX7SgNWt9bxddnbTlzkBaC4Puu4x6MMsJ8M8+eKUOSLFIdPbAIIN/e8DwiqqRmCsqXZ6pqORo78G3ww6abYEmUQDU0ikdD9rAlbyyhal/xFsMydAHqALtq8Jkl5qRTFF0PsFialzR2ZrNU6PDb/dKMNXA19/rAqp6FAKWCkhIcAO/9qXbziRAw6g5YC7ksPE0MdY7r0M2vs6XiZORQcE+Y+d/ExV8B0Wn4ZX3M4dV/8aioAO9UioSau8XKSlIcJrWBcYkkGhtp+/LSDSqxYyd0K5+MRLA64mWczZmJQ5JY5gOyCGNbEwfh0pWAUlC070kKHlAfXpIKSoLBoQpi76Ee7xHihhUIAWmW5YBNHNQBzuP1hbLKQwmhCB94tMtGpWoJ7nVAKdtYQ/BiZLvUmYBWlnZxxf8ASLFfZ5QbIgDhLFP1974BnrSzoQCm5ZCQGFSLfE/ukdqoHzDHEbTRLUV9cjIE1TnSTmchxXgQ28GJpuCUoJKWLJTmcas5Ia97c4oPSdKZoTPK8hkNmGU2VlGuvwjv4Qf0T6ZKSOrX2kj4UroptGOoiWZakZssmtqLUqWFUADtoxo9y4hd0xwKThJymqlBUOaQ4PlE2J6YyRQy5j/2/wD6hZK2kvHTCgDJh0EGYTUrZiEUoAaPw1rGaEEnZOL1ukFY3EdThk0YhCWGoYAAeXjFM2fLK5jasVHurDnpniyViWN7n6+n+MAdHZzGcQBmEunAOMzeUVe0Geh3NpreLhI26EgMwca/rAewMOAhMxkmYonKSAwSDlcPYkvXlxhurCrZTryJAcku1HZJOunsR4+eSyTVcopLApLd1YlnY1KDnBFjflFQlgYjE51sQmraE/SHPSvZQVJVOknKUB1pFEqS9VAfhId2FwDret7BmhBVWpA8PZjT08Kwtxf7GLJglCTstONlKKSoA5QzwrQohyx7tDo/nDKbjSJeVyU34c+MLsFtJUtRZiC4I5t9PWGwRjSszO07Dpe0QQKtwYRuF6ZZ0DxkPcjYpzrgv2Iw6yN1iDZiLF7vfxiTDzBMBlLFTQghwfp7bcYVgkXL6AEj0Md4YZFJKi5Fy+8N33iye5satFP6RdH0SVmYhHWhLvLq4S/5g9L/AFe5GxulOCKQnq+rOlHrvcV8osKceQVqWnMhSi+UdtDOmw+NLD+oVvYVzafRTDlRxCEGYhXayy5mUKFapIF+Di2hh2lJUyW8X5UWNWOkiWFJXmTUdl1EljQBIJe0K19ZNAaVlS5OZZdWoolLi/5jRrQZslaDLKJGHXKYOB1ZCXt8ViaVJrSCl4eYlLKLOzl7b2oQ8Y3Gu34mmM77ihOEStbzc0xSXylZBCTRmSAEg8WeN4yYZZBalnJDPQ1cs9aQVNlsS7qD2vfe1T5d8FYnECilZTlTlBIAyj8vCBV8se64QvTg5pYgJDhyTu0tV62pzggy+rUFqUCoamgOpCU2HMueMRpmk/wzmpvLaamMWokdujGwfwenlHfQG97ki8eF0KjmrQVLcBHEmb9nWZ6SQQkuhwc1GdWgatK1azQIiePhSCnfYndcGo4HfAe1sR1ae3Q3Bb4nOmlX7r2hoWnsGUFW5YNkbRRi0TJk1KZhoWNQlywHOhLg+ESqwaJhTKK1Bw+UAEAP/MKWobwh6CbMnS1KmlRShaay2odQ+tO68WTGzp0siclRVlCmlkJCfhZ6DMTe5jZSjVsxPeTpC7HbKmIQUDFZS5KfizVYMVPQctTxjnY2NOFBQskpUkFeeqc1lTA70VUKLmwfWK+cJicWvrjMSM8xSUoDBmPwgqqbveHezpS5cxOFxCFLStK8qixalSFAWNA39MVVitLhlhTLSlRVhsqHFUJ+EnQ5R8J5RJgdoTC+eSpJ5pKeYLv5RX8Bs6bIWyF/diqQoFxUUBGnDebiGiMROStynPLb+53p3Hyg3QKtUM5xSmuVRP8AST6CBcPtBKyxCeIN/bQNKxi65mzElnoLWHL5GJ8NPKSBkVxLA79Qa3EHWztHsdf7ckhRCciTuN6EFwQwodIDlbICCcs5Rq7KSgpoG/KDusRYRLLxs4rV2OxVt7/Kkan4tShlQEZnD1fTg++CpoVxZXuk+zJxlqGH6sNVQyEKIBelw9jXdFMxmyVolCbMWSsqKVpIYpaxfV+GrjQxdtqbUThqTp2VxZMtSiOINk/tFa2hgZmJmpTIX14UMxWVUlvVlgdl2LgB/KOk9icoKW1izCoWsiTLSpa10ABqNXfSz91Yv2Gw6cJhxLzOQHWreq6jyGj+EFbJ2VIw0pYQPvW7Uw1Uri7USSGyjeDxNW6SY0zD1afh148IhJorhxaUJMXi+smFVWYJA3ABh8z3w06MVGITqUAjuJJhVJk108IfdFilOJRnNC4owro/DfC5H5aNEY8scdGMSFSzLfty1Fg9wa09/KHkrHnKUsNwfXfXTSK7jdjBM9QQooJsdAfpp4RrEJxGVkziVJd0lLkb24hrR5M8Dcm4vkqp7U1YVtieyFpcAzUKQAb1GVRbgD8oH2f0eTJAzSUrKizkpmdpnYAEgW0EJsFJWF9etZWpTpZagCpFHIzW4CLHh8Sn8C6jixHn6QZxeKOm3T7oMZKUrdX7kmJ2RKXL7UsITYGWyS9nYUNd4ioztjmVMKVrKtxACQRcGpJ7ucXOZNzFzlAu7+tX98Yre2sX1k4qAoAEpJAJIHO1XPfHdNOWpq9q7k8mODptK/Y6TJpYf5H6RkZKkziAch8oyNnjMGhFy6wJsAObv9YAxE57Or084LUn+V+bt5xErn3AExVjxBJWZLuwDuOZvw4339xuzMNL+9WokJyuoD4XuVtoWDUu9XYRAU7k13mvlHGchK0v8aSGpez0PpHRlTOlC+BfJzywVy85IH8IrKcr2zAOFUcOCxbhRbO6cqQ4xEglvwh/Uht+6LEkBSQbEbiyknUOLcRYtrA+P2NLxAAUA+/4T6U9OGkUhJLbsZp43ymF4DCTMgmzFpSFsUyZfaDMWClqZxawFrmOcNJTnYAu5Y3PcSXavhHBw2Iw8rqiOtQA0t1AEJSzAlIYtQOw0pFO2jtjHJmpAlCUCwBP3jAN2nNKDeLPEpYnKfl2X4FY5FGFy3ZYsdjDLfvYn6QCvbkrKUuVHcA/mA0XDZWycLMlEFacQx7SyoKL/wBp7L6CkKsZs6TJJySxSrKD+ppCvFHH87KrM57QRWFYyfiCBLSxNHdz4qpaGmx+jxK+sngvoDVzx3wxkzklIASlO429fdYmXjAlCs6qAVJPziikv/KJyT7sOXiyPhDAB/DRha4jjEbUQiWVTKIau/dQa3trFMx/SlEjMCesVdKbjgSq3GFezp8/GzhMmsEWCQ7Di3zMPCE35mSnKCelDXYeLxQmzJssDqVqJVLXruUGHYUwFQ/fFpmCcQMqlFKgCkKALcNC4qHeGez9nJTLADWiH/b1gFIUw0erRpUdqI+JuBYbrge0MwZmJLvoaiDNny5ozGZLSo1KWYcgWFOcRJkYpCnQtBBNlJfUmjENuaChtop/iZeLb4Vopqb4pkkuQkhzIKCbgEd9jWMxhJZSZhQbsWALadoeUL8Z0tlJcPUB+HJ/puMDYLpOJ6CUy1XYHRR4EsN/hAaS7gqfNEk/DTcxeYo5hUOB8/MEwvxKpkkZQlVSMrNW+7n7vA2L6PnFTesnTMktJ7MuWlIU4/Mod+6HUudKkJypJYb1FR7yq27fA1JcD+Z8kEvYZmICppzUOYAMSLVexs+oppEgmy5KOrlJSlKdBbnxPH0IiP8A3XsrJomlN7ompJO8lkg8kwinT1Ltb3uicpjwxkmM2qp1BLkkM+5yD40HjwgCVgirQ+EN8FgSdfAfpDVGEIFvSJai1JFXl7KUDaJDgCFA8b0+kPZkg7oimyBvECTsaLDNoqfIodtKkdreQNR/MK862uATNBCStWVNMikrYzANC4cNQZixFoIxOCm9RKCUkqzlSTUUzEio0jS8KhJKpmIZRqUJUFhPIMQBwaJ6e5G62BkozkqUkglnyKSscGGUt4xBiMOgFurmF9yEh/8AkDB//oXdWaYf6Us/d9I3h9rJSDkw6EnQhy3Hj4R2hv8An6BSfZfz7wPD7DVNISiWsA3zfQKMFYXZ+FkHtOpTsQGvzJ9I3101YqpVt59jujcvDgfhfnBUYobQyedtJTnJmSnRICC3eUEmMiAg8RwEZFdZ3hIYqI5+P7RwqYLgD5+sdqlpa/kX9I5QlDVJPd7MA5URLVr84hmLFt/n4QWtKN6jw/cxwsIH4VHw+sBoZMWzFJGrWsDE0jGpKg9K9xHypEyur/Krub6wOvJZlPy/eAtgtJhW1JgXMBuAHBSbdqaHDHmIgSok1IWNXAB13UPhEKSjRTeXkbx0pJff5fvDahNBKrZspB+0SliXMSkUSlyxBcMHzaUrfgINnTBMU6FylGvZKqtyvR90K584ZcrEVBNDYFOo4CBppC2GYHwPrB2lygNOPBztXZONVRKpTVIZKkmgs5zfKKxiejGKWplpmEufxAgcWUzd0WuViFJ/GoclKFO41HOGk7ainGY/iVoPmDDRlp4JTxa1u/zKDJ6KLAZWGmqP5qgeRAENdh7Kn4dYKZayjVJKaHgX9YtK9qc/E/WOZe1u2nspJzDdvAhtb9SUenSdpsIXtmakgJw8xehy5af5KEMPthUl8hB3Fn8jCbF7TJIcD4QWBUPzDQiBp22FgvTzP/YmG8VjeAhrNTOUSwCg1QSPEM59IXDYgKyVTpjmnVllBLN8JKQz3vV4Fwu2ZnWJGa7g0DsQTdt4FOEdY3GqzPmLEA1JZ25tuhXkb7lFirhBcvYmFQrMqWFr3zDmItZOndEi8ehWaUBRSSGAyhJAzBQarhr0sNwhGMYR8KStXgPH6RLg8NNJc0vTmCPQmEcx1AnnbQUQCsgFQBLDVrMOUBGc5oPGDkbFKiVKN66exB+H2agQjkPSFMnAFVz893doIa4bBpTp4weiSgfsTE6QBYGBuzm0QIG5MYZSzr6fSCXI08SI5yE6+HzjqFsXTcFqVecbRg0NV/CGHV/vHSgO6OOUgHIAeypdU5SnMWa1tKUpC9WzkaIYPYNDpadae++OKbvMQu4yaQul4MCyB4/pEsvDqFm8IJVMbTwjRXAoOpnGRe9u6MEtbfEfL5x1mPH1jef3T6c4YVsi6g7/ADEaicD27RkcdZjHcG4/tGpczRh797o3GQ5y3NzJcRJ3KrGRkczonE5AoWpGl4YE10jIyFGsGmyBa8cScMczJNB8QsPDfGRkcGwgYekCTdnpNwPCNRkAKBF7MY3Ie1T9YNOyFqSDm4g01jIyOsEtkRHYk383pGk7LWCO2HBBt3xkZHamBUanbLmKrm0ajWfjG07BWbr9I1GQLYWESejw/MXidGwkaueZ1t9I1GQLBYRL2chOg9v9IKRh0gaE++EZGRwGzrIGt78I2RVmjcZDIVmw8djnGRkOkJZGaG8dGYBGRkdQ1WaTOHGNitkjyjIyBZzR31SjujlOFrWMjIerJ6mgbEzEIvApxQcgPGRkI1uWgrRCrGElm8z8oj64n8Qpdh9Y3GRw9I4lzSRRvExkZGQLOo//2Q==', 'đây là bún đậu'),
(7, 'sữa', 2, 1444422, 'https://vinashin.com.vn/wp-content/uploads/2020/08/Uong-thuoc-voi-sua-co-duoc-khong.jpg', 'đây là sữa'),
(8, 'bánh bao', 2, 500000, 'data:image/jpeg;base64,/9j/4AAQSkZJRgABAQAAAQABAAD/2wCEAAkGBxMSEhUTExMVFhUXFxcYGBUXFRUVFxgVFRUWFxcVFRUYHSggGBolHRUVITEhJSkrLi4uFx8zODMtNygtLisBCgoKDg0OGxAQGismICUtLS0tLS0tLS0tLS0tLS0tLS0tLS0tLS0tLS0tLS0tLS0tLS0tLS0tLS0tLS0tLS0tLf/AABEIALcBEwMBIgACEQEDEQH/xAAcAAACAgMBAQAAAAAAAAAAAAAEBQMGAAECBwj/xAA/EAABAwIEAwUGBAUDAwUAAAABAAIDBBEFEiExQVFhBiJxgZEyUqGxwdETQuHwFGJygpIHIzMVovFDU5Oys//EABoBAAMBAQEBAAAAAAAAAAAAAAIDBAEABQb/xAApEQACAgICAQMEAgMBAAAAAAAAAQIRAyESMUETIlEEMkJhcYEjkfBS/9oADAMBAAIRAxEAPwD0CdyW1Dguf464ugqupK+We2fTQg4kdRL0SjEJRZbnmJ3KR10/eA6p+OFs6cqRYsBj7zieSTVbe8be99U47PTgh4O5GnxSl7Dmy9VXCNNkk5Wh9DD3AbcFE6EgXTOlHcCiqmckraZRaoEoX2duncTrpIyKzk0pnWJ8FqewJLR20WJUkAGqEnqLOsp4iUaa2mA06s7dTg7hROoAb2O6ODLrl0RGqXJSjuJy4y0yq12EytJLbHb5rqNjw3Vp3+isjgStB5OmU+iVH6jJe0FLBGtMRNnc0G4ugnYi4OBBtbqraaa49g+hS6ow1p/J8Eb+ptU4sBYN6khjh1SJWAhExC2hSbDbxOsAQ1PL31C82UaZTIjlxDKclrk7BZG1wcSdjwHBdOgDiHW1CIcbhMi7iBaXSA5ikWL4dfvs34jmnk6XPqMh1F2812OUoytDOClHZ51jWHDNmA1Sp1Y5ulrFX/tPQtyfiN24/dVPEMOIaHEXaRo77r18eVNJnnZMTTaEMkriddSU0p7tbrrf4Jc5jmO6LcmIW05p0o30KTokaSSSNlA43Oi7lqhaw2W6N7bE8V1Vs2wasPBAyCyOmlDj4IV4zOsmw0A2cM1Gqxjgi5GBrdUG2PiiTswwyu5rFGXLEdAWj3vOAErrZk9noxlSyakXz9xPeiIKiVI3AulHTVWmppgFFSUANzbUp+LIr0KywdbOsEYGm55KOaLvEpkKM20Cilw9217X4al3+I19bJ6duyd0lRPSyEtARZaNkPT0wYBc+u/+LfuupZLcz/2j0b90qSDWQ7yt4kDpx9N1PAz97fNLWSEaCwvy0+SNoxrqhTbZ0paCX0YJ1d6C6MhpA3iSomHVGF11TGPYiUzuIt5IqNmfRo1Q9HhskhBAyt94/QcVY6WmEYsPM8SqceFvsly5UuuwGHCveIv0Uow9oO+nJGEhRueE/wBOC8Ezyzfk7YABYAWSTEsID5A8k5bagEgnkmMs9lzO82bfZ2l+IXS4yVPwbByi7Qoqmm2mVjeVtbDTgqvU0UwcTHVADg05tOl9VZpZQHuY/wBRol9dRkagB48NfUKWcFIpjJxKrWYtV09s7w5vvABzfPQELIO2MnFrD8EfUxseCNuBadR4Ki4vTmCTLY2OrTf4X6JDwRfgcsrLqztM13tNcPCxUz8VjkswOAbyOhv5rz2KrPM+qmjryClP6WPaQ6P1Ei44vOWtEbQXB+l7aDzRlJQtbEGEXFlVaPFvEeCd0+I5ho5BLG1GkGsqcrYoxrs9a7o9R7v2VPq6DU6WPEFeoNmzBJ8Xw9jtXDKfe2R4s0o6kDkxRe4nnFsp1UckuuhVir8MI4Zm8wkr8O90+R3XoQyRlsjnGS0Dm1rrTH2WTsLdwoeqalaFuVMme4u3XD3cAuS9Y032W0Y2iIgrFMVi2weB9Qz0DbJZPhzeqcSTXCWVLyTovmMleD1cMp+WLX4czkiY6MN4WCk/EawXOpS6orHPOmys+nwUrkdlzN6Qa6cDRo80E5rnePz14813GbBcxzhXcFRLy2BvbZCzSW3Pkp66tFzZJah5JSXEPkTsqm3sCEyo6kAj0SOCIA6DfdHuf7NuC1QoxyH7JdNeCdYBRmTvuHd4fzH7Kt0bTI9rRu428OZ8l6JTsEbGtGwFh5KvFjTdsmzZKVImcbKO9/BaDSdTsh6mqtoFRKVK30SpXpHUs3AKOd+Rtzv8lxRakuOw+aAxWfVI5+3m/wChqh7uP+zVLIXyJpVi7bckqwccUyqXaIsS9m/J2T7lQmxeLO0SN9oboClrrixR9LJq5p4pNX0xY4kbJLb+5f2OS8EmIUjXi43VYxCnDwY3i4/eo6qyU8/ND19M12qx72ajy2piMTywi9uPMcCpYmg8E+x3Dczg4aEaJcyieBzRraMbogawA8QmlFod9Dz0Q0ULr6o0AAbIXE1TCBnY7Q/VM6avadHj12SuN4OhupmA8DceR+alyYr2UwyDKXBo36xnL0GoPkqxi+EmMnOz+5uysFNMW9PD6hNYqhrxleAR5beCQpSg9jnFSWjy+akB2s4cils9COoXo+L9lg4F8Gh937Kl1bSwlrxYjgVXjy30yeeNeRBJh7uBuumw5RtqmJeFxmHNU+o32J9NLoVlh5LE0zDotLfUfwdwPoVp7qXVlYG6N1J49OqkxCoyaaW233PLwCTSPvsDruSV5WHDVN9lbkalkJN97+pW4f39gmuA4G6Y3N2s/M7j/S3qrpS0ccTcrGgD4nxO5Xp48DasjyZ1HRSKGhfMbMGnPh6ow9jDl/59f6NPD2lbSzko35hsm+nFLasneaTejzTE+zVRG4NDc9zYFtyPPl56dU3g7DNyAyyuDyNQwNsDyuQb+Kt8j9O8LlDyVWuyDhjj2H6k5dFSPY3ITaUZbaZt9edt0HVdmpGtsx7Xm+wuDbpdXF4B3ufNQSNA/wDT+Lj8islGK6CU35FfY+hIeXO3Ay2PA3uformFXmYgGm+UX47/ABRtPibXaHQ/BMx5I9WKyQk3YfUy2BSKWW5TKtfollM3vaoM1yaiFiVKxnAcsaSYi9OZXi1khr12VVGjcfdhmFPsjZ3pRQyWRck11sZVGjXG5WASnK64U8wDgh6vUFc0U1xZJT3QzwL5oy0rd7hHVkV0ukbl3K44WYnDmBtukP8AEkaFegYTgLp++67I+Bt3nf0g7DqVY6HAaaHVkLM3vuGZ3+Tr28rJuODrYuc0meTUr2vNrXJIAA1JJ2sOKuFJ2Gc5uZ7wwn8tsxHjrZXgnoLLbeqYoIW8r8HlWKYMad+R4tydwPgumYNIWB4tY6i5AJHQL0PEp7AqmVWJ5XkEXHnokZEkx8JtoSjMPt+9lMyx6HnuPMJl/FNOzIz5N+qFqbb5AP6QB8tEiUEx0clG4JXN2Og4XuP0UeMYTFWMNxaQbHYgrhp4j14+fNbZLrcHKef5T48v3sp3BxdxKFJSVM8zxfDpKd5Y/wAjzCXufovXcYw1lXEWuFnj1B5heT4lSOhkdG8d5p8iOBHQq7DkU1+yeceLBi5Yo7rafQuz3Curg9xtsDYcrDb7pjgVA6dwA2GpPAD7quU0bpJA0a3NrDx+a9XwqjEEYYLX3cRz+w2SMGK9s7Pl46QVDG1jQ1osALALolYAo3OVrdEJtzlrNbda6oeaRLlPirNStnMw0Lj5JeX90uHDfwR9foy3RB4TqCCkS3kUf0OjqDkdMY2Rt9jzG6V1ofHvqOf3RBkMUhbw4eBR8gD29CtXvXxJBXxf6ETKrNvr4qOQD8pt0/VaraMxm7duX2ULZQUl31IbrtDWjq7jKdxt9lhfYpcH215fv0XDq4X1RKZnEbT1CWzPuoH1V+KjbULXKzkqJmPsphKhM11tpWWcFu1CGY3KVJ+JoonyITiV819OKd4ZgTRaSYZnbhh9lviOJUPZuhB/3nDQaMHUbu8k+ceJ2VGOGrYnJPwjZeoXzgIapq+A2UMN3HTQcTyWSy7qO2DHHq2FmQk6ISprgNG+F0NX1wAyt24niULhsZe7MdggeSTfFdjIwSVsLqBme1h4jVVKspR+M+N2mpsfkrbTyB8xPFrdFVe0oLZs/PTzC2XV/s2PwK5qcxnK/Tk4bHquJWSAXa7MOmh9E6hkbMzK7X98EhrQ6F1jtwPP9VjXk2yOPFCDr53+qbUf4UrHuHthpOS+g/mHNI6h7ZN9+fH9UEyR0bgb+BCBpBqTLBDVFpHl6cQk/bvBRM1szDZzd9N2nn4H6o6OZsgFiM3AcyNx9lLTzB8b43ctuh/VTxuErRTKpRo8rdh0vu+hH3WImqkLHuYTq1xHobLF6HKRJxR6/wBh6gPlznZu3idl6fTuuLrxbsXXAC21z+i9co6kBg14LcTq0KzK6YdLIuGC6DE+Yo2PZGvc7EtUR1D1BSjM66jrJkRQN0Sfvy18B1ULIcUO6X4Q+zrJhiWyUYe6z0ubrMmNgrxsOx2lzAOG4+XJLcPrLaFWOdmZiqlbDkdcLcycJc0dialHixtO0PCQV1KQbjf5/qmVJUKaoaCFkmpqwo3F0V+CddfiRsJe4A2HHXbpzTKLAnym7bNHvHbyHFEVfYpkjHMdM7vAi4aBvxF7roY5PaR0pxXkpUda6R+xLnHYd43PIDdO4cAqnC/4Zb/UWg+l7hWjAOz8VGzLGCXW70rjme7xP5R0AsmoemrAvyYt534PNpmvidleC0/vbmpGTqxdqKMSWHEaj6jwKSYZhL5LOkH4cYN7Zm5jvoLXsOpS+FSaGKdqwaSpQ7p3OIa0XJIA6k6D4plimGBwP4Li1/5Q45muPBriblt9r8FV/wDT3EZKqva17bCJj5HX3zNIY0EW0OZwP9qxQ5Ps1ypHsFLThjGM4NAHoNSluJVutgi6mos0nmk1PAZHXKdlb+2InHH8mSUsJkKJxCqbG3KNh8TzREhELCeJ+SpuKV13HVKklijrsYv8j/RLnMjrdU9qZBDD1ISfAIruCztRV7gbBDjjwg5eQpe6SR12dqLvJPG/xQXauO91F2dm1R+PtuEWNf46Ml91lSw+sylN60NljsVWqsZXXR9DWcF0X4OYmqAWOsfIrBLcWKaYpCHBIrEGxQvRqOi7K4C/gfHgURh9aS9t+N2nxtv8PgUvrHXCEweqLpWg73N/FgJv6fVC43FjIumLu0tG41MhB0JHH+UX+K2t4xNeZ5BFr/EAA/G6xVJuhRYsDqsjh0IXoVLjVwNV5/2mwl1FVFh/4396J3NhOx6t2PkeKKoq2wF0iXygl8M9Sw2vBsFYHVADV5hhWJ2IViOMXG6bDJSFzx2xxNNmcAm9K/RVGmrLuunkFYF2HVsHJHVIKxEpHGcr/NM6me4SyTe6DKrlYePUaLIyYFvileIQg3XFNU2FlLJJcJk2pRFxi4yEzAQU4wun/E1Psj4nkoaegMruQ4n6DqrFDEGNDWjQJeHHbt9B5claR0BbQLlxK25yjcVW2SnLnFc6npzXYYsDhc8kKNEmMWOpJFuSUy4g0tyg25/sJpj0dxoqJWZmG9/NS5H7irH9o7NaxvEk+iXYfNDTSSSwxNa+QkvddxJu4uO5Nhc7BCf9RI9prT1yg/FcGtjO7R5XHyQJtdB/yWumx4S9x1gTtyTuheG69F5yx0ZOji09dR91a6OvuzcE21t80cJtO2C4pqkS4/X6FU1013eaY4xU3SKKTvIJPkw4qkXXBX5W36JHj1RcnzRFLV2Za6SYlLclHJ+2gV2GYFLqntfJmYPNVKgmykFPHzjKth0Y+xBiUSXwPsU1rtUoeNUtumFQxMtwlVW1EMk0UNQ5Y2akJ62WwKCwKTI2aodsBlb1da5t6gf3IitidKfw2bnToBxJPAWS7HKpoDaeI3ZHufedqST4kk+nJNgr1/1AzdbAGPJ1O5uT4k3KxdwxaBbT20Alo+gcdwiOtgMTzbjFIN43249DxHEdbLyeop5qaV0MzS17fQjg5p4tPNeqUdaW91wGhsR9ERj2CQ1kYEl7j2JR7cd+B5t5j5brzcOb8ZFeXH+SPM6ap0TGnrySEnx/DZqJ4bK3uH2ZR7DvA8D0Oqjo6wWvdUuIi6LrTViaR4jZU6lrUSK0WWrR2mXBmJAqUVQKprK7gEXFXO5H0Kxs6i1CoRFC90jwxvryHMqp/wDUjZeg9nKExRguHffq7pyb5fO6KEXJgTlxQ2p4g1uUcP3dduKwusEPnuVVJ1ol7Oy5aJtuujoEDNMlTlxVsKMb6JXzEmwUddPkbbiVPSxZRmO6QYvU7lKnNxhyfbGQgpSpBNEfxGPB6qqwNDnPieNCSPPgrZ2ej/2yeapuLOyVDrdD+/RBJtQhJjo7lJCetjdA8tOrTseYQksQcLs0PK/yVvxGiFRDfjwPIqiyF0bi12hC5qjkzl0hBsbgoilxFzDoVw6VrxZ3rxCCnjLT04FA7QSHVRW5hdBCXXdL3z2aoBVrUcyyitaBYFCTzXKUfxS7bUIrMGTH2RjKrRJ2zrsTrLOGUst0umWjOoJJkLQVm89lFI8u7rRcnYBbhjL7kWDR7Tzo0eJ59EnxbHmsBjp9b6OlO56NHAfvVbGLbpHNqKtm8Vr2wNdGwh0rtHvGoaN8jfhrxVaaLlae6+p1JU0DOPEqyMFBErk5yJ7ngsUjI9FtDaH8T3/HsLN/xGDvgat2DwOHLz4XQOEYzlF9bDQtdo5p91wPHfoeCt0gB0PkVWccwU5vxYjlkta/5Xt9144/uy8Ply09P5LYS8MaSRRzsLC1rmPGsbxdjvI+yVQce/06DSXUpIO/4Lz/APm87+B9UUzFnxOy6sdxjJuPGMngrLQdomyNtIAfHb9FXjySj2wJ4k9o8inZLES1wcxw3a4WPmCjKL8Q2zNDQT7WvwHFetVVFDUNyus5p/K/Uf2vGrVXsR7JgEFri23B3eb5PH1CpWVeSaWJ+BGx4Y8BmgJHj5lSyVhNneXnZd1WGyskDiwkX9od5uvUIAaZ28iLfT6Jtp9C6a7GfZaD8WsY06tZeQ9bWyj1I9F61A7S68v/ANPmf70hPBgA/ud+i9BfU6JsGkhc02FTT3Ngp6dlhdAUJvqi6icNatX/AKYDXhEVbUKKiizG5QP4md3ROaRtgkQXqT5PoZL2Ro1iElmqm4jLcgKyYxUWCpxlzSeaT9U+Ukh306qNl1wZlogvP+14yz35/f8AVeiYb/x+SoPbpmt+RTc0f8aAxP3sm7O1oIyHj80n7WUAJzAa7j7IHCK3K4J5iMokYhi7jQb7KI2WynbLcWKyvhF7hBB1kASRmLOyxOPh80hjreqa4q+8Tx0Kq38O7hr4J2OKa2BKTix6yrUzKlVuzhxK6jkkvpc+V0XpfsH1f0Wj+J6rYquqUU9BUv1LRG335Dkb8dT5BTfj08I7z3VD/dZeOMeLvad5WQcPjf8AAfL5GkUrnnKwFx5DX15Baqq2KD/kcJH/APtMNwP63j5D1VfrcdlkGQWjZ7kYyjzO580sRRwN/cBLMl9oyxPGZZ9CQ1g9mNos0DwS5aUscXE+iekoqkJuU2ZFHfU7IpoWmhYShbsdGNDCmAyj98ViNpYBkbfkD66rFI57K1DR9Avk5qWN4IsbEIYyhwDmkEEXBC4idrZeJJ0xvG0AY52fbMPZzDxs5p5tcqZU4XNC7S72666Ne22veHFenxDW/Jd1FJHIO8NeexCoxydAepXZ5jRY04bHjqPuCn1B2oto7REYz2Oabva0OPNuhPiBv4qnVmHSRO0BcPdI7w8VRFroLly32XeOvilPuHgR3f8AytVOFRv1Ia48y2x9Wqm0U5LgA4Aj8p0PUC6eiuljtYhw45hbyuEdSW0ZSYdhdK2Bzyxju9a9jcaX2vrxRxrm6628QQktP2iuSH6WvzsfNF01cHXuONtNQQVyzSXYLxofUda23tA+YQ2IV5KR1uW2gsR/Kdei3C7r6OP1TH9RJqhawxTsdUMuoT2OpABVIM7wbNeQRwPLoVkmITAakHy/VMh9QoqqAng5B+O4hwuq5Q1F5B4ruWsznVjT52PzQv4gab/hgf3O+6S5XK2MUUlSPSaKqDW2J4Kl9rpg66Vz9pJGC+UW/qKr9d2ua6+eMHzOyolNzVJCVBRdkbZS03TKPENLKty9por6QDzLvuhpe1dtGwx+YJ+q5Ql8GtpeR1UzXKDe0nYE+Auk8naubgI2+DAhJe0NQ7eR1uQ0+S1YZA+pFDutoZiywYdTqTZoAGvFBx0DY/8AkniYeQOc+jfukc9U9/tOcfEkqAlNjjaVWBLIvgdPkpGXsZZT/wDG37qN+POGkUccXVrbu/yKT3WI/TXnYt5X4JaipfIbvcXeJJUKxdNYSmVQvbOV0xpK7bGPFTALGw4w+TlkYH3W732Xdlmg2Q2N40bWELTVJELuHiELGLYW2rcBa6xG2b7vwWKfkvgdT+T0vs/ihZIWZhkcLhriB37j2Op1042VrbIDY7gryuqcLHQeeqfdkcXcRkLg62awOjrNAJLTfUi/TzsvIyYXJco9lzpOj0WF5HUI9hDglFDMHAFpvf8AeqMZv+/2UvDkcdMlyw2czRTMdmaczeQ+y2+Nkw/3IwfJGskUhIKsjGMlp/7EvI/K/tFUxLshDJ7Jt0d3h67j1SGq7L1EXsOJbyDsw9HL0VzQonMWNZIdMKOS+zyOshlb7TBfwLD8bhZS12Q95h8dHfEar1Oop2u3APiLpRWdnoX/AJQ3w0WrNL8ojUk+mVCPEWu1a/X3czv/AKkqSTFNr2+KZ1XY1p9l/qLpNUdiZWm7H+QOnoUccuN96McJ+KZxLXsO9/K4+S0cSA2zf5H6oOq7N1QPdvbkRcfAgpdU4RVj8g8bOH3TVLE/ItwyLwNJsVHEn0BSmqxmxIcf+0H5JTUUVaN2j9+IQMtDUncfEJqjD5Qt8vKJsSr3O2cHeAt9UmfOeSOdh89r212tcet9lw3CpzuAB4j5J8XBLtC2n8MAfMTy9FCSm8mAycHN9QNVzLghG7gNuOvkLI1lh8gPHN+BQSsBTQYQPf8AQFdjC2c3HyXetAz0ZiglaDSnrMPYPyk+dlsRAbMHnqs9ZeEF6D8sSCElSso3Hgfkm7s3Cw8AhZX8MxPgu9Rs30YoHFC4e6PO6ge0jf8ATyUkuhsbgjgd1mewI4cvqiVgtLwctXa4aulrORtcrZWlxp01FYe3NI0dUJdHYQbPvyB+It9UE/tY2HaGcuhIF1imDbLFIPPUKD/TWMWNTM+X+Rn+2zwOpcfUJhWdn44mgQMazKCBYbg7glYsUWduv4CwZJcjiihcwd0/oeRTqmqbjvLFij72V5UmHNd5qRkgKxYmwbuiCSNklaJWLE9NgHDyoJLLFiyTGQB324KFyxYlSKYg7z1QzvNaWJaY1A8revwQkrG21Df8VtYmI7tC2akYb3DSP6f0QctHEPyj0WlicgWBSUsfBoQslMwbAeixYmxEyBZYxyCFl0WLE6IlsHkdpbr8h+qGe4rFicgAWoa8jeyn7OUAlc4O2aASf7tFpYtySaxtoyMU5oX4pM58zy7cEj0P/lQELSxUR6RO+3/JsFdLFi1nI5ceAW9tFixcd+zSLoZMpJWLFkug4dj6MgAZt7arSxYoqKrP/9k=', 'đây là bánh bao');
INSERT INTO `food` (`id`, `name`, `menu_id`, `price`, `image`, `description`) VALUES
(9, 'bánh mỳ', 2, 2000, 'data:image/jpeg;base64,/9j/4AAQSkZJRgABAQAAAQABAAD/2wCEAAkGBxMTEhUTEhMWFhUVGB0YGBcYGBoYGBsaGBgYFxgbGBUYHSggGBolHRUVITEhJSkrLi4uFx8zODMtNygtLisBCgoKDg0OGxAQGy0mICUtLS0rLS8tLi0tLS0tLS0tLS0tLS0tLS0vLS0tLS0tLS0tLS0tLS0tLS0tLS0tLS0tLf/AABEIAKoBKQMBIgACEQEDEQH/xAAcAAACAwEBAQEAAAAAAAAAAAAFBgIDBAcBAAj/xAA6EAABAwIEAwYFBAEDBAMAAAABAAIRAyEEBTFBElFhBhMicYGRMqGx0fBCUsHhFCNi8RUWcoIzktL/xAAaAQADAQEBAQAAAAAAAAAAAAACAwQBBQAG/8QAMREAAgIBAwMDAgQFBQAAAAAAAQIAAxESITEEIkETUYFhcTJSkfAUI0KhsQUVM8HR/9oADAMBAAIRAxEAPwDDgsESilBwbaNEWp5dGytGWbnVLJhgQbRqBxRKi4iIQmiAHkciidC9guM27HPvOhwBBPaOhV4/8im6HgQeo/lL9KvVqAtiXNdxEi08rck7VRNkPxWQcVMFtqmoIJEeyDU2SPEoW7C7/EHnL61X/UbwlzBJa4+GB9FZnGWYutTaWUmBsAgAweWiwZFlGI7xza9SrTAMcY0Mi08xK1VcNmEgO43BkhpaRcA6xKaGUZXG80Uo3ccDPvBWYVX06RoVmFr4lriNwdisnZeqHmpTMS8WJMQW3sUbpYzvmupVW+No0cNR0nQpOju3wDeZ6f8AC0cR1aomyzoWS5saPxcT2kT4fERtbpZYsuqHEYl3iIBJiReNpC87NYoOjaIEdf7To7s05xZWLeF+ton/ANkxK3dABwDJblqqsYkbkf3iZ2nyQx/qskbVGjTzSbS48LXZWZ4mtMgTqORXb3U3geINI0IOpS1m/Y2lVl1E8Dv2H4Z8tk56fy/pItRxvA2H7e06ruDh4HdTY+qZsnrg7zIGui5Zm3ZWvRqDvaRDS74hdsc5GyPZNm/choc7ipggcQ299lBbWFbI/SUJblcNOj8YHorqL95vt+eaB0M2pveWMcHQAbXF+vsjuFpRDneg380tSScCNYYGYSw+Nj/5BB5gEj+itragIlC23/4V1F7tojkr0c+ZKyg8Tc4wqKjvZSY+dbKwU+numbniANpnc70VFSkt76cbXVX+OUDITDDYgx86f8IBmvZ5jzxsAa7cCwPWNk04xoBF/usNRxb1+qkbKNHjuEWhRLPC8K5vANkweB/heLbFCs7yN/Ae6KqUCxcpEsdJw0HursMwAUBzHO6dMkOEIQ7MMTg3u7+i4j9wuEv55mf+UfC0jzQ+hv3T3qjG025v2tBsy6XDnVQumVdSyo7rR/0gJypUviLLWNMGJzZ7xBWQ13IwMp6KLsuhEHRdgJhVzzApe5QMo0cAoPwHRGLVgmswMV8ib8Eq/wDER+oIJQz9H06gXlUqJcApmsITIMVcwpllU8jdaMPVWrOqHG2QLtQrDPXMuq0uZYjalhNr73W3D1jCFtW3D6qYAgxhxiGcRgXPDXTFrjQnogeCxVdr3DujrItIibXTS2Y/lZZBDhsmPWNYYbGCHJQr4gXG4mnVnvaY4hImIcPIrlef0Q2oS0ENPPVdro4JrmkE8UaGLwlntD2eY9pER1TrNeAx3i6bQhIMQ+y+Z9ziKbrloPiA1iDz3XSK3bKhUc0sd3Ra657qfCNJ5nX3XNa2UPoVBN2kxI62BUTiqTS4EwdjOl723Qrcy7JOklNN41P42nZcNndOrPd12OmB4mhhB/8AF31WfFOAMuBZfUCWmNxC5Jh8XxfCeIa219UYo9oKtMgcfC0AENFxpOh0WP1Fh+h/fvD/ANurH4DkH9+P/J0LDYtrwW1XsI2gEfLY+qX877L0Kl2hlToTwuHraUNpdqmmA5jDP6oE/KPqt4zii9gDH8L/APcDEak2n8Kkte6znG3ncGZ/Djp1L4OPgiB6ORvw57ymyoBp+5sfMjRMeF7TtYQ3EB9MmGtdweG+hMaeZWHDZyJ4QyfW59Oqz5++CGuHxCSwuJiefU8kwKFUvqJnMPWG1gqIBHujVBgzbb85LfQfG2q5jge0GIYRHC8CIB1t11T1kuY99Sa8gAn4gDoRqCm1WqeIx6mAyRCOMfVBHdtYZ1LuK3oCJlfYHDvaHPdwhzruIH0Cm2sVey4ubKkHPmI043nlFjXaEuM3kn5yvanhB1+fyA0CtYwD8hfOc3SyPG0z7QbUZxXJ/krPXpO2uB+e6J1AOX8QqC9kHUfnNTvUDGq5gas+LEEEcxZasJjTHCVqaGv4g25A3EG8odVwpbJaI6be6mXXS+tDkRxC2LpPMIYvBU6jYc0FJOa9g6RPFS8DuQFvZN2BxfFZ1nBanQV2EsW5NQ4nOZGRsGclxmRVKch7T5jRYXUosV2StQkQ5stSzm3Y9jyXUjwnlt7JT0H+mNW33nPqdOCo4iiE11OxtU/q+Sp/7Kq7u+ST6D5jfVXEUjRCqq0U2Vex1YaEIfW7MYgGIBXvSYeJ7WsXXUgqu5CPVezWIn4VT/25iP2rdDQdQnXA1sCSps4UsNxLpuVuwmOhW5k2If8ACREJWzHDilU/2uW3G5u1pAGpWLMKTqrPBc7JV2GGBzGV5ByeJ7RghbsI7/lLeCx8EsdZ4sQjGHxAGu65jWYIzLDXkbRhbi/CQTDtio0mjh4Zifwoc11rrTTq3vstZwTBVSNpsp1Sx7QG+Hc9Oa9zWjIv+TopGTqBwjTz39FChUcAWPuw/CVSpAGmTMCTmJWbULEROuqRK2A4i4Rebei6ln2DLNRbY8wuc4zGMNdwJcxwMBwv7hSkMG2l/ROuCrcGL/8AjOYZbII3Fip/5b9H367/ANptoYZhJ4wASJjpz/lW/wDRKdRnEwggmPZMFmobiV+kUPacRSpYgah0xsbH2WnDYkAyXxtHPmemy21MnDHcPBxOdECPdWYrs2xtLifLIMCCBMmBJK0aWOIu4E1EEyzA58WcVWi0v4WuAto4mATPS6X63aGuXl9Rxc5xl3ENT/CYcDQpcDmUWzDS+JBIaA0y6LyZ32Cm/CBwAdTkHe0e6Ela+wrkSenpAqBkO8x5ZndCqQyp4SdD9nD+U35E12GrB5eXUnAgnWORI5Tuko9myXHuGOcRJgCY532/tR4cdhXcTaVQNi4ILmnzA0WegrH+XtNax1Hdv9p2ypjQ1ocPEDu2NOfUK/D4w7Aj6rm3Zjtc1wDT4Xb0zYjmWncdE+5fi21Gh4IgpWpw+DtBKrpzCoqkqbKwWIVfNeAyniyL0TaaoPL6qD76m3K1/wClnc6NI9Co39/JEXmBZe4mJjTkq6uJMRAPmoVnGReLaDrqvHmwNvZKY+0NR7zPiKBID2WI1G4P8hasuxAdJIgjUclnqVovuND5rBWqlj+9ZuPGOfVLr6j0Xz48j/ua9XqLjz4jC7ErMXgnkoMqNeA5uhUDSkruAgjInNIwcTUysV7UqBZTLeq874L09KcU5zbhU0KjnTxWWptT1VFfCE3a6OiybKi+DdfcY5Kp9Th+JV9+EOZsAscRYj1WtgW+nghBVTcuLTOo5JmMwMyjE4AVWzo4aL7L837tnAR4xZb2ABsgpKzXHlla/wAJ3SbRpGpeY2s6jpMhn+Hd3hrMPi1K1ZHnLavhdZ24+y20Ye295S1m2VmmeNljrIXLsTVuZ0UONo+sxHhN/wDhXsrpIyrPS6Gvs4exR2hjTI3buNx/ShdmRsGPWvIyI0UMXZbmVpEbJZp4jrIROhiYiLhUVX55k9lWIScAWllUBzNjuPzmufdoOxL6lTvaHCWnVjnAOtuHDwmf/VPocCOYWMYR7btcbqsvgjbMmXbJE5y/DVWcNOsx44RuCLHWHbhMVDu6bAGQ0ECIvrvfdNNPGkWdtqCAs2Oy3DVdaYaebPCfYWnzXkUDJBlLdZqwHH6Tmb85P+Q5pALQXMabFzfEfEOZsPbqVszmnVOG8J4wD4o1gyCCPXVUdp+yTsO81qbi+mTJnVu9+Y8l7kubFpgmJ+KRLSCNwOqJjggiHSRahGd87RcyfGOZUAI9+XwnXaCn7LMUxlNoLGPnxNkHiAOxOkcuaAdpMEHRUYIcL23G+loQjK8cWuBlesH9Qjau7sadIzTPeEspUmcUtDvCNjyA8vktOW4lzxJBtrOw6ghDcn/x6jWuHFxNEWNzJJI9NfUphp4inw8NMiB6z6816vDdxPxAtynYF+Yh9rMO3iI7uwuCfib5HURtdDez/aerhn8wdQRY9ehTJ2iw5J45nle/okjMMPJMapQHcVac+62zVuZ2XLM3p1qQe06jTrut3FK432VzmpQMxImHMOhHMddLrq+UZpSxDeKmZB9weRHP7IGUjaOrtDTa0xBJ9FIVZ1gfnLZRDY2kqTGiL+35svLmMMnq7QDooVYMDly+y8AESfRevcYsANpRHcTPMz1R6nkd1W3yAjloreCNOarruglsddbe0XUjr5jgfEroHgcYnhdqOR5jotgrgALG59uR/LqogyCLjVdHoLwB6Z+JH1VRzrHzCT/3Ss7qs6CFOi+QovqcJiF0jJJSanKy+FZyhV6rO6RoZCE5mia3Vho4Ar7hpdEONfmFDv2rMz020qsGCtbH7LNwgqTAm5i8TJmVIx4bFKeb4XiFxBTliHHRCcbg+PZC4yISnEU8ox5pu7t+mxTJiKIqMKXs8y3h9N1f2bzaSKbzcfMLn2V4MtrfMEZlgeE2UcBnD6ZAfJHPcfdM+d4QE2Szi8JCjYD8L8S1G8iM2ExwIlpBBRTC4uTA9Aue4as+kZaZG7dv6TFl2aNqaeF3I/xzUdtDJ3LuI8Mr7HmPtDE2EGecLe2txCyUMFjYMT6o3hsTcJ9PUZ2MktoxNeZYWRxCeMbTrCVcZmEWJII5z8k6U3TGkcplDs5yptXVu2vLlCe6M3cp+JOSAMEfMBvxXe0wDBDxf2II91z7F4Z1F5a7S8Hcjb7J9ZlzqVjduoP3QbPMC55ENBMHW9uiRVayvpfiORlzsYHy3GggMJPiMc/pp/Kur9nqfCXCoS6CeFtyI367LJiMrrUxxNaHCJFpG9raLPl+auaQ5oLXNvwkn1B5hXBsjbiNDKWxnf8AzK8BiquGf8ctP6hqOvMJ+y3/AFe7rMcGvdZ7TZpixII56x1SdVYHscQ3rEzHqseU5lVw5nxBvFoP4nVCoDnJEe5KjSD+/adQxuDFQEOEkeYI8ilfNez/AAeJpB6GPqFE9uAWXgHSNdfoh2J7U8Ru0x56pj6WPEi/hNQyxH6yl1AC2jhe/wCaIXQzmpg8QalOb6t4iBHWNYuo5jmDDdryLz1HksbcLUriXMcI0fEA+YP8LKk07tx9ZHbX6TbGdo7MdpGYtgc2OLdswR52Rtzb/huvz/l9Wvhagc0xHI2I5Lq/ZPtGyuBLiHixBP1+6VYmk7ce8dXYGH1jS1nqpcGv57KsO6wvAPWUEbKxW5D/AOypc/UnZWPYdFXUkbfykNnzGjE8BbzEfT0UQCDbTzXjY006/dVggAx5856pQYg5hYztNA6KvESV7Qrgnz+RK0uZK7/T3C1M+Zy7ayjYgeridtVS6sdluxuEN4EINUY5o5zzTosTWa06qHEFmFQzob+ytXp6Ea9QNI+q2U6oIkeqzGnaCqocPhRmBNFdZHA6jRXhx3CjWbyWZmwdjcMHAzE9Uk5rlbmO46diDKf3t4gsOLwwIuEt1zGIcQfkmYNxVPhd4arLEHfyVOY5a4bIbjqLqLxVpjT5jkmvL8a2swHWfyFz7awZZW5ERsTQcNlifa4kELoOOy4ckAxmXAbKckpzKgwaZMszq4bVMHQO/g8k3ZbjNjskXEYEclbgMxfSMOJc3TqPLokWUhu6vn2jlc4w06hQxPyP1RPDVpIk2jRJmV5gHAQ6QUaoYnn7/dLW8rzFvTGgYWk/15fZCMwyKDLBoZAUcJjCDf3RtuN8OsgLoV3V2jeQPQynaJdfAa8AjXw6QTrEpMzbKmmu1rmvDzoGxJ1+LYA30BmF1rMcBTxDZFn82mHT/K59n2R1hW76o+XUw0ARctH6gedyVhwh1eJ6qoM4B2mOrkfcuhwPAYm4MC03iedrfJSq4BtQmwGwG3CJj1W/MMxD6bWgX+EjqNPObqjB1HaNHi+anssLNpB2ndRNCamG8CP7OkuPgJBuDFvfRX1copNpjviLaweukmwEeaYMXSa1g7zEAH9rRJb5BJ+aYJ1Qy1wcI3s77Ji2NnBOP7zhX3Oc6dhKKuY4SiJpMBdsfid7u09IQXF5/VeTsOW/utf/AER4k8LrCdJ+itweWgPmpTJYZ1BifRUg1Lud/vISd94KbmVvEJU6GYva4Op2I90xZnkjazGBhAcwQCdxsCUt4zLqlAjjFjuLhHVZVYNufaHSQTOk9je27ah7uqLgbxM9Od9k+U6vGBEAESuAFsFtRnxNINt4XRMiz0sc1pJh4kcucTsVNaugjTx/idQISCTyI+9J0WO5JI+tvZfUa4eOIXH09F5XfYgHVJc5GZijeVYrlJv7T57rL4hed9F68kEA/wDPoquHl5wpGOTxKFGBPW4oco/OcItRrcTAQbjkgTnyLiL/AJZX4GsQ6Nj9dlV0V+izBOxk/U16lyPEK8ZWevB1AVzRbSCs7wV35y5gqtvZVLZWgam/5us3eDmFs9NVHEgiLzKvadwPRYiCIMbahX4fFSYOoWwcS1kG8H7KFTW1xura1YNEwVR/kN2QnELE+FKbixVNWmYuFpbU0U3wbELJuIr5hhOIGLoNhMQ7DVL/AAO16HmnTEYeQgOZ4MOkEX5qexRHIxEO4XEBw5hVYrBTolXJ8wNF3c1LNnwE7dE44WtOqmIzsZQCRuIt43BRsguLwSf8RhQUDx2AUz1FTkShLc8xQw9R9J0sPmNj9inDKc1bUHXcbhAMThEPHFTdxNMEfl0mxBb949W0/adKoYjr91vo4iDrYpPyTNe8F/UfmyPUsTp+fgUW6HBhFc7iMuCr8MnZSzGgysIJh38IMytvKvp1ASC7Y69FYnUEDTjaStSCcxNzzIqtF3FSmWkEDe2hafZZMmxlTE1CHt/1RJDmuDT4BvxfFpoul1MK2s2xE7Hry8lz7tP2ccCXUR4hPEz5+FWIoA24jF6kt2ud+AZlw9Wk8FzyCSYM2g7G+oPMcldUyuiQSCQbfCST4tIEXS7icyLRTFVkFkg7OImQ1w3AKwMzd0vIIHFG+kE6Dlp7IhUMbTzaM90Zjg30vH35DZgyOe1vRQ/zGgEzpckIA/MyGAEtIJmNSLQfLb2VmFpgsdU7wXaRGwH3t6JbdOW5nP6ymsdyn4m6jmbSSW3A5mFrZUZWaWkBw3BukhlUh0jr7IhlmOgmTC2zpMDKznlfaHMRllJjZuI1DSTA6AodVxvh4Whx4TIeLRGnktz6/GwQbtc1/o03HqJQzDP4MQ9pHgcbcr3hDWCQS25Et6W5s6C3MbuzPaYuEfrb8TdnDn0TpQrtqNDv+Vw7GV3UK4LTaflunXs/2hc0hr/1CQdnCduRC9dWVGscGVI/dobmOteuQbGBpO/vssjnmbmY1/5Uu9D2+EEyqHXN9fLdc1jmVjafGpI6bTePVUuqx/B9VXUqfRUude3shUnmaRGijifCHTYheVHg6GUOyZ/Exw5O0PI3V7nEabbL6mh9dYacS1dLkSGLHGCOkeqXe5r/ALQmKq+Z239VXwnmm4gSNPFOMAwW89F5WaCbbckIw9e0AyB10/pbaNUgj3jn/a0ieBm3AY7iJYfiHMa+S2va38/hDw1rnhwsQteHxcy18cQ+Y5hCRNBnwZH5+WUy6RfRSqt3F1KBwoczcSJOyxYqlGgkK97+Gx02Vpby9UthmGpxFfN8o7wSPT82WPJs1dTf3VWx/STv0PVMtVmsbIJnWXNqAmL9NfMKZ1j1MZMNXkL7EUOIJTyLNi13dVZn9Luf9pww9WQhG+xh/UQJjcEECxeDjZPFelIslrH4tgcWNY+oWmHcIsDyLnECegSLKT4j0t94u0Xd27iA6FGsvzlpPCTBPP8AhYq1EOBIa5uxDhBH50Qqvh1M1a2bNzKVcjidBoV7ActPJbqNWfzdIeU51wwyr6O//X3TbhcVv+efso2Rqmw3EYcMMiHMJiOEohW7uu29iNCl7/IBsDsp4fFluqfV1Rr28SeyjXv5lGe9lqVa1Vpa7ao0XPKZ1STjew5ogh44hcisC4AAbFoBg+dl1XD41jxDjrzUXtLbG7Tzvb+V067VdcqZFlq27xkfWcco9mqHhPeOfxEiZAAJ+Hwi+u5QfNcAGmGSACQDeHQYm66rnnZGm8OfQlryPhmGey5tm7ntcKdWW8NgD57Jgd9WDKAKHXtgdmBqimahYSwGOLbYW535LHWcTsmvDNa6i4cHGCYDyXcLJ5AfqlDcblBa0ua9rwDtM+xCetgMlfpscTFl+N4ARJkjdaf86SA6xkT5qzK8vpvIl4DgZMkCALmAdYVOauaTY8RZbi5gafJYyqTnHMUtQBzniEO0uF8DXxayxZbioaA8u4RJEbOGkcuqZ8XQFbBgj9v8JNoSGgHXdTdO2usqfBlf+oJpcMPMf+zuaWjisdUfe6b7lcsyzEvYXPANgfL16JzyPNTUYA74o+S5/V9MUOocRtF4YaTzC9V/NZuPn7r2q7VZalYqVRmPMOdnXGagHSPmiz3bGJ26/ZAOzNbhc8m1hJ21OqM4hgd+fQ7L6LozikfM5HUf8hkHtJP1VX+Eef1UqfENL7cLvvsvZ/2O9x91XmIxFLCVu7Pi2/Lo3ga7Xg20vr9FgzCjcGB0P3Cz4Co2m7xGx56jyRTIZokggbnQ7EcvNa6tHib4XAOFxzBVRqNdww7wHcQb7SCLL1zSCbyfZxHPlIQ5m4k8Djy4lps5uo2PkVvL5ghA8RQ8XeMMtIgjdp5hW0cY4QHHXQ89/exSysMGF3w6R8vshzq5onxXYd4+Hz6LWHgjSV5iG8QgjW0/cLONps9JDwHNI/hYalKZtBG38hYGF+GeYBNM/pGrecdOiN0ajag4m3tII/PklukJWilm2C3A9Rz6citXZ3OpPdVD4xp/uH3RjEUZ2n6H+0pZ1lpYeMSBMgjVp/N1MwwZQpnQqT5WehlzWNgaST1uZufVL3ZnPOLwP+Ma9RzCahWHDxEgDUk2HqtXB2M8duINxWBGwQHH5emR2Kc//wCJhcP3u8DfS3E729VhxmCqu+KoB0Y0fMvkn5JVlQMalhES8ThYV+V5s6keF8lnzH3CJ43LzHxT5hv8BAsXh3Df5BTlQw0vKQ3kR0w2Ka4SDIO4Wxr+eq5zhcdUpOkG27YsfnY9U3ZdmzajRB023B6qG7pmr3G4j0cPt5hkPgojQzcixuPmhFJ8j5LwqZHavdYTVq+xjIcQ2OJuh1CE9ouz1HFU54QT81mw1cg2MfREqOMAI2+i6VXWBxh9pBb0pQ5Scox+Hq4cGi7iNNt28tf1DnfVZsLmIALHN4mu1aSQPOy61m+VUsU2fheNHD+RuFzPPOzVbDEvgPYDeBt5cl0aznk7+8D1QRpxj6THjsta5veUmkeKCy8N3HjOp6dUPdg+EOLgYixiRewurcPmxbo2W8XFwnnEa6hUYjNXuBbMNcZI2/AqQDEFgI1dkKwdRNKfh2+YSpjqBp1XsOzreRuET7IYyKwBgCPe+619s8Hw1WPG44fa4+RUSH0+pZfzb/Mp6j+b0qt+WY8HwNplzdxBn6Qo4PFlp5cli8V2k+G8dZ+y24LLy7U+SYyqAdR5nOrsCbmM9LFcTWu/JUC+fdCMH3lIkG41BWnD4mdRFlA1Ok7cTpJcHG0ZMheRxnUSAfzldEKmJ4JLTblt6ckMyl4FMcPiMyYN+ttwiRaDcACV2KF01gTn2EM5MsbjAd4JUu9PNqHtcJIjzG/t+eilNPn8/wCk+Lg3EVCPicSL6iPSfogGOxUmBcaj+0wYrDioyAHAze8iNJhCquXPbxNNORoCbW1sefJMgCXdms1h3A8+E6A8/tCbmNBEEyNR+4eRSIcvZ3YuZPv6jYpgyCvUjhfcAWINiPI3lAd4QhwU4uDfnsejhsVlxZECW2B2/TPP1VxrcxqYPI8j0Krd4HC5jY3g9Hc/zqhzNlFPElhgmw0dt1mUWp1A4cisb2B4I0OhH8H31WCkx9MRJ4etyPXkhMKGq9ORfb5deoQYtdRqAtdDT8TdR5jl5q6jjv0vJ1gO+l/urquEa/WQRIGnuB/GiHJG03GZpp1w4W+f5ZVV8NxAj3lA6bjQIkzTNg4T4TyLZ080ep1J0MHlr7HkgdIStE/NsrdSdx0zBFwOX9dFPC5+KlWk2ramBcHTvJsSNxy5EpnxVEOBB9vtz8kn5zlFyW68tiPNIIxHBp0WhXBFla9khc/7L525p7mobizSfofunbC4oGxWg+DNx5EzYzBygWPwM6JveJQXPMTSo0y+q4AbcyeQG6VZTq4jEtxzEjF4QysjA9hlpIKlmfaoOJ7qnA5u19ggeIzGq/V3oLLa6LPOMQmvQccx1yzPgSGVCGu2vY/2mBtcLkbaZKZMmzx1OG1JLdnbjz5qXqf9PH4k/SOp6vOzx671fNqlYMPiQ9stMjoru86rlFMbGXA+YQoY0g9EVLhUbaOoKWe+5qynjCNCqKL3qPuJPf062feC+0vZHxGpSbc3LRob7dUp5hl/dMc9rejmkadehldQoZj+66ozDL2VhIjkevQrpJ1gbuXx4kgp0go4+x9pyHLcSWVWPP7gPQ2T32lw/e0A8fov7a/JUjseJIhsddUVZR7tndVDtAndD1VoZlsUcRnT1YRqmPMQ8aCGtcIg29db+iuy+u8t8kx1cna/DuaI4mkkHyJgexQnKcIQ19tPsnl1Nc56UYJDTNQxvEbiI56Fa2Bzj4Yd5WWDD1mkQ5oJ2P5ujGU8IBbB6/dGKgWxjEJqkRdoVyvBva9zzDNIaJsNdRz6SjtM287228juEOwjo3tsdDz/AAK/EYkNhpvxHXadfQ2PsrVUKMSbMuxHDF7kaEWI9disPfn94+Sw5jnTW+GeIg6A29UM/wC4nftb7LC4EIAxqrzMiI56EH7LN3nHIm4Gn0Lf5C21bsE7gfRY8N8PqmkxYkCGECb79ev51UHHuyCLtP4IheTdv5uFfFnf+30WGaJ83E3kGRu3X1V/+QJ15bxf+Hcjv5pfwTjx6/qP0lEf1xtJEdPF9h7JZEYISxIPDLZnYGL9FVSzUu8JaLGHTeJuJ6HmrqF6Ym/gB9Y1QbOrVBG4MohxBMK1WET+36f7Vpw1UADiOm+46Hkh2XOJptkk2PyNl7SP0KGaIVq4cPB0vY8nDryPVYWl9Jwa4F1PQO/U3lJ1jqpZYdBtLh81tb8DfJe+k9PhUtf+/wDn6quvSa4fPr5hZMGZqEHThdbydZbKh8I/NRdLYQwYsZ1lg1bZ2oP2+ylkGeOB7qsfENHfuH3RzMB/pny+6Q83sXRtceanI3xHg+Z0nFZs2lRdVcfC0T5nYephcmznNqmJqF9Q/wDi3Zo5D7pgz5x/w9f1M+iU6Qum1fhzAcYM9pUC5EcPlx3Cty8XRhg8PuhsczVUQQcLCj3KMPCz1QpvUOZSFGIPw+IfTMsJ6jY+YTHl+cNePFZ3L7Jfqqh+689K2jfmEthTiOxqKrvDKH5S4lgm62zZc5k0nEsDZmhuIspf5caFZAqcRusFYJgsYRbmJCqx+IFQXiR0Qp5svmuPCUwV44MWZqwmM7t7hHhdfyOiseWsFR9uE3+SA5k4hjoO38rb2avhwDe51vurEXC6pHZs0AMqMmRIJ9vRFMBiYI+iwZ20AiBFjpZTpDxj/wAP5KsXjMSxyYdrZkG72j4d/cfRD8Vm1R1hZvIfmqwu1K8R6jF4Ei4qu/4FOoskoZ6f/9k=\r\n', 'đây là bánh mỳ');

-- --------------------------------------------------------

--
-- Cấu trúc bảng cho bảng `info`
--

CREATE TABLE `info` (
  `id` int(11) NOT NULL,
  `invoice_id` int(11) DEFAULT NULL,
  `full_name` varchar(255) CHARACTER SET utf8 COLLATE utf8_unicode_ci NOT NULL,
  `address` varchar(255) CHARACTER SET utf8 COLLATE utf8_unicode_ci DEFAULT NULL,
  `phone` varchar(255) CHARACTER SET utf8 COLLATE utf8_unicode_ci DEFAULT NULL,
  `email` varchar(255) CHARACTER SET utf8 COLLATE utf8_unicode_ci NOT NULL,
  `created_at` int(11) NOT NULL,
  `updated_at` int(11) NOT NULL
) ENGINE=InnoDB DEFAULT CHARSET=utf8 COLLATE=utf8_unicode_ci;

--
-- Đang đổ dữ liệu cho bảng `info`
--

INSERT INTO `info` (`id`, `invoice_id`, `full_name`, `address`, `phone`, `email`, `created_at`, `updated_at`) VALUES
(1, 71, 'nui', 'dasdas', 'sdasda', 'adas@gmail.com', 1614700331, 1614700331);

-- --------------------------------------------------------

--
-- Cấu trúc bảng cho bảng `invoice`
--

CREATE TABLE `invoice` (
  `id` int(11) NOT NULL,
  `user_id` int(11) NOT NULL,
  `total` int(255) DEFAULT NULL,
  `price` int(11) DEFAULT NULL,
  `token` int(11) DEFAULT NULL,
  `quantity` int(11) DEFAULT NULL,
  `status` enum('pending','completed','draft') CHARACTER SET utf8 COLLATE utf8_unicode_ci DEFAULT 'draft',
  `created_at` int(11) DEFAULT NULL,
  `notify` int(11) DEFAULT NULL
) ENGINE=InnoDB DEFAULT CHARSET=utf8 COLLATE=utf8_unicode_ci;

--
-- Đang đổ dữ liệu cho bảng `invoice`
--

INSERT INTO `invoice` (`id`, `user_id`, `total`, `price`, `token`, `quantity`, `status`, `created_at`, `notify`) VALUES
(68, 1, NULL, NULL, NULL, NULL, 'pending', 1614699230, 1),
(69, 1, NULL, NULL, NULL, NULL, 'pending', 1614699307, 1),
(70, 1, NULL, NULL, NULL, NULL, 'pending', 1614699467, 1),
(71, 1, NULL, NULL, NULL, NULL, 'pending', 1614700325, 1),
(72, 1, NULL, NULL, NULL, NULL, 'pending', 1614700540, 1),
(73, 1, NULL, NULL, NULL, NULL, 'draft', 1614701107, 1);

-- --------------------------------------------------------

--
-- Cấu trúc bảng cho bảng `invoice_food`
--

CREATE TABLE `invoice_food` (
  `id` int(11) NOT NULL,
  `invoice_id` int(11) NOT NULL,
  `food_id` int(11) NOT NULL,
  `quantity` int(11) NOT NULL,
  `price` int(11) DEFAULT NULL,
  `amount` int(11) DEFAULT NULL
) ENGINE=InnoDB DEFAULT CHARSET=utf8 COLLATE=utf8_unicode_ci;

--
-- Đang đổ dữ liệu cho bảng `invoice_food`
--

INSERT INTO `invoice_food` (`id`, `invoice_id`, `food_id`, `quantity`, `price`, `amount`) VALUES
(90, 68, 1, 1, 14444, 14444),
(91, 68, 3, 1, 2223, 2223),
(94, 69, 6, 2, 2000, 4000),
(95, 70, 3, 1, 2223, 2223),
(96, 70, 1, 1, 14444, 14444),
(97, 71, 3, 1, 2223, 2223),
(98, 72, 6, 1, 2000, 2000),
(99, 73, 3, 1, 2223, 2223);

-- --------------------------------------------------------

--
-- Cấu trúc bảng cho bảng `invoice_table`
--

CREATE TABLE `invoice_table` (
  `id` int(11) NOT NULL,
  `invoice_id` int(11) NOT NULL,
  `table_id` int(11) NOT NULL,
  `price` int(11) NOT NULL,
  `fromTime` varchar(255) CHARACTER SET utf8 COLLATE utf8_unicode_ci NOT NULL,
  `toTime` varchar(255) CHARACTER SET utf8 COLLATE utf8_unicode_ci NOT NULL
) ENGINE=InnoDB DEFAULT CHARSET=utf8 COLLATE=utf8_unicode_ci;

-- --------------------------------------------------------

--
-- Cấu trúc bảng cho bảng `menu`
--

CREATE TABLE `menu` (
  `id` int(11) NOT NULL,
  `name` varchar(255) CHARACTER SET utf8 COLLATE utf8_unicode_ci NOT NULL,
  `order_food` varchar(255) CHARACTER SET utf8 COLLATE utf8_unicode_ci NOT NULL
) ENGINE=InnoDB DEFAULT CHARSET=utf8 COLLATE=utf8_unicode_ci;

--
-- Đang đổ dữ liệu cho bảng `menu`
--

INSERT INTO `menu` (`id`, `name`, `order_food`) VALUES
(1, 'LUNCH', '2'),
(2, 'BREAKFAST', '33'),
(3, 'DINNER', '1');

-- --------------------------------------------------------

--
-- Cấu trúc bảng cho bảng `migration`
--

CREATE TABLE `migration` (
  `version` varchar(180) CHARACTER SET utf8 COLLATE utf8_unicode_ci NOT NULL,
  `apply_time` int(11) DEFAULT NULL
) ENGINE=InnoDB DEFAULT CHARSET=utf8 COLLATE=utf8_unicode_ci;

--
-- Đang đổ dữ liệu cho bảng `migration`
--

INSERT INTO `migration` (`version`, `apply_time`) VALUES
('m000000_000000_base', 1610961946),
('m130524_201442_init', 1610961950),
('m140209_132017_init', 1614695159),
('m140403_174025_create_account_table', 1614695160),
('m140504_113157_update_tables', 1614695161),
('m140504_130429_create_token_table', 1614695161),
('m140830_171933_fix_ip_field', 1614695162),
('m140830_172703_change_account_table_name', 1614695162),
('m141222_110026_update_ip_field', 1614695162),
('m141222_135246_alter_username_length', 1614695162),
('m150614_103145_update_social_account_table', 1614695162),
('m150623_212711_fix_username_notnull', 1614695162),
('m151218_234654_add_timezone_to_profile', 1614695163),
('m160516_095943_init', 1611287252),
('m160929_103127_add_last_login_at_to_user_table', 1614695163),
('m161109_124936_rename_cart_table', 1611287252),
('m161119_153348_alter_cart_data', 1611287252),
('m190124_110200_add_verification_token_column_to_user_table', 1610961950),
('m210118_092938_menu', 1610962728),
('m210118_094253_menu', 1610963064),
('m210118_094601_food', 1610964234),
('m210118_100627_food', 1610964453);

-- --------------------------------------------------------

--
-- Cấu trúc bảng cho bảng `profile`
--

CREATE TABLE `profile` (
  `user_id` int(11) NOT NULL,
  `name` varchar(255) COLLATE utf8_unicode_ci DEFAULT NULL,
  `public_email` varchar(255) COLLATE utf8_unicode_ci DEFAULT NULL,
  `gravatar_email` varchar(255) COLLATE utf8_unicode_ci DEFAULT NULL,
  `gravatar_id` varchar(32) COLLATE utf8_unicode_ci DEFAULT NULL,
  `location` varchar(255) COLLATE utf8_unicode_ci DEFAULT NULL,
  `website` varchar(255) COLLATE utf8_unicode_ci DEFAULT NULL,
  `bio` text COLLATE utf8_unicode_ci,
  `timezone` varchar(40) COLLATE utf8_unicode_ci DEFAULT NULL
) ENGINE=InnoDB DEFAULT CHARSET=utf8 COLLATE=utf8_unicode_ci;

--
-- Đang đổ dữ liệu cho bảng `profile`
--

INSERT INTO `profile` (`user_id`, `name`, `public_email`, `gravatar_email`, `gravatar_id`, `location`, `website`, `bio`, `timezone`) VALUES
(1, NULL, NULL, NULL, NULL, NULL, NULL, NULL, NULL);

-- --------------------------------------------------------

--
-- Cấu trúc bảng cho bảng `room`
--

CREATE TABLE `room` (
  `id` int(11) NOT NULL,
  `name` varchar(255) CHARACTER SET utf8 COLLATE utf8_unicode_ci NOT NULL,
  `type` varchar(255) CHARACTER SET utf8 COLLATE utf8_unicode_ci NOT NULL
) ENGINE=InnoDB DEFAULT CHARSET=utf8 COLLATE=utf8_unicode_ci;

--
-- Đang đổ dữ liệu cho bảng `room`
--

INSERT INTO `room` (`id`, `name`, `type`) VALUES
(1, 'Vip 01', 'Vip'),
(2, 'Vip 02', 'Vip'),
(3, 'Vip 03\r\n', 'Vip'),
(4, 'normal 01', 'normal'),
(5, 'normal 02', 'normal'),
(6, 'normal 03', 'normal');

-- --------------------------------------------------------

--
-- Cấu trúc bảng cho bảng `social_account`
--

CREATE TABLE `social_account` (
  `id` int(11) NOT NULL,
  `user_id` int(11) DEFAULT NULL,
  `provider` varchar(255) COLLATE utf8_unicode_ci NOT NULL,
  `client_id` varchar(255) COLLATE utf8_unicode_ci NOT NULL,
  `data` text CHARACTER SET utf8 COLLATE utf8_unicode_ci,
  `code` varchar(32) COLLATE utf8_unicode_ci DEFAULT NULL,
  `created_at` int(11) DEFAULT NULL,
  `email` varchar(255) COLLATE utf8_unicode_ci DEFAULT NULL,
  `username` varchar(255) COLLATE utf8_unicode_ci DEFAULT NULL
) ENGINE=InnoDB DEFAULT CHARSET=utf8 COLLATE=utf8_unicode_ci;

-- --------------------------------------------------------

--
-- Cấu trúc bảng cho bảng `table_name`
--

CREATE TABLE `table_name` (
  `id` int(11) NOT NULL,
  `room_id` int(11) NOT NULL,
  `name` varchar(255) CHARACTER SET utf8 COLLATE utf8_unicode_ci NOT NULL,
  `type` varchar(255) CHARACTER SET utf8 COLLATE utf8_unicode_ci NOT NULL,
  `price` int(11) NOT NULL,
  `description` text CHARACTER SET utf8 COLLATE utf8_unicode_ci NOT NULL,
  `image` text CHARACTER SET utf8 COLLATE utf8_unicode_ci NOT NULL
) ENGINE=InnoDB DEFAULT CHARSET=utf8 COLLATE=utf8_unicode_ci;

--
-- Đang đổ dữ liệu cho bảng `table_name`
--

INSERT INTO `table_name` (`id`, `room_id`, `name`, `type`, `price`, `description`, `image`) VALUES
(1, 1, 'khách sạn 1 sao', '1', 1234, 'áda', 'https://pix10.agoda.net/hotelImages/280516/-1/cafcc95a1200438d463f6fbd37c1303f.jpg?s=1024x768'),
(2, 5, 'nhà nghỉ 1', '1', 1233, 'ádfasdfsd', 'https://photo-cms-baophapluat.zadn.vn/Uploaded/trinhninh/2019_01_02/0_NBRR.jpg');

-- --------------------------------------------------------

--
-- Cấu trúc bảng cho bảng `token`
--

CREATE TABLE `token` (
  `user_id` int(11) NOT NULL,
  `code` varchar(32) COLLATE utf8_unicode_ci NOT NULL,
  `created_at` int(11) NOT NULL,
  `type` smallint(6) NOT NULL
) ENGINE=InnoDB DEFAULT CHARSET=utf8 COLLATE=utf8_unicode_ci;

-- --------------------------------------------------------

--
-- Cấu trúc bảng cho bảng `user`
--

CREATE TABLE `user` (
  `id` int(11) NOT NULL,
  `username` varchar(255) COLLATE utf8_unicode_ci NOT NULL,
  `email` varchar(255) COLLATE utf8_unicode_ci NOT NULL,
  `password_hash` varchar(60) COLLATE utf8_unicode_ci NOT NULL,
  `auth_key` varchar(32) COLLATE utf8_unicode_ci NOT NULL,
  `confirmed_at` int(11) DEFAULT NULL,
  `unconfirmed_email` varchar(255) COLLATE utf8_unicode_ci DEFAULT NULL,
  `blocked_at` int(11) DEFAULT NULL,
  `registration_ip` varchar(45) COLLATE utf8_unicode_ci DEFAULT NULL,
  `created_at` int(11) NOT NULL,
  `updated_at` int(11) NOT NULL,
  `flags` int(11) NOT NULL DEFAULT '0',
  `last_login_at` int(11) DEFAULT NULL
) ENGINE=InnoDB DEFAULT CHARSET=utf8 COLLATE=utf8_unicode_ci;

--
-- Đang đổ dữ liệu cho bảng `user`
--

INSERT INTO `user` (`id`, `username`, `email`, `password_hash`, `auth_key`, `confirmed_at`, `unconfirmed_email`, `blocked_at`, `registration_ip`, `created_at`, `updated_at`, `flags`, `last_login_at`) VALUES
(1, 'nui', 'letrungdung@gmail.com', '$2y$12$ftcEVvo0E4yMW.2k./jpsO8JCMhnTUqZ9Zwnws0uIlwQZ5tSRp2Cq', 'aIdSSR1OT1alZrbh7yHsiTaxVn8JBOZm', 1614695171, NULL, NULL, '::1', 1614695171, 1614695171, 0, 1614695185);

--
-- Chỉ mục cho các bảng đã đổ
--

--
-- Chỉ mục cho bảng `cart`
--
ALTER TABLE `cart`
  ADD PRIMARY KEY (`sessionId`);

--
-- Chỉ mục cho bảng `food`
--
ALTER TABLE `food`
  ADD PRIMARY KEY (`id`),
  ADD KEY `menu_id` (`menu_id`);

--
-- Chỉ mục cho bảng `info`
--
ALTER TABLE `info`
  ADD PRIMARY KEY (`id`),
  ADD KEY `invoice` (`invoice_id`);

--
-- Chỉ mục cho bảng `invoice`
--
ALTER TABLE `invoice`
  ADD PRIMARY KEY (`id`),
  ADD KEY `user` (`user_id`);

--
-- Chỉ mục cho bảng `invoice_food`
--
ALTER TABLE `invoice_food`
  ADD PRIMARY KEY (`id`),
  ADD KEY `invoice_id` (`invoice_id`),
  ADD KEY `food_id` (`food_id`);

--
-- Chỉ mục cho bảng `invoice_table`
--
ALTER TABLE `invoice_table`
  ADD PRIMARY KEY (`id`),
  ADD KEY `invoice_id` (`invoice_id`),
  ADD KEY `table_id` (`table_id`);

--
-- Chỉ mục cho bảng `menu`
--
ALTER TABLE `menu`
  ADD PRIMARY KEY (`id`);

--
-- Chỉ mục cho bảng `migration`
--
ALTER TABLE `migration`
  ADD PRIMARY KEY (`version`);

--
-- Chỉ mục cho bảng `profile`
--
ALTER TABLE `profile`
  ADD PRIMARY KEY (`user_id`);

--
-- Chỉ mục cho bảng `room`
--
ALTER TABLE `room`
  ADD PRIMARY KEY (`id`);

--
-- Chỉ mục cho bảng `social_account`
--
ALTER TABLE `social_account`
  ADD PRIMARY KEY (`id`),
  ADD UNIQUE KEY `account_unique` (`provider`,`client_id`),
  ADD UNIQUE KEY `account_unique_code` (`code`),
  ADD KEY `fk_user_account` (`user_id`);

--
-- Chỉ mục cho bảng `table_name`
--
ALTER TABLE `table_name`
  ADD PRIMARY KEY (`id`),
  ADD KEY `room_id` (`room_id`);

--
-- Chỉ mục cho bảng `token`
--
ALTER TABLE `token`
  ADD UNIQUE KEY `token_unique` (`user_id`,`code`,`type`);

--
-- Chỉ mục cho bảng `user`
--
ALTER TABLE `user`
  ADD PRIMARY KEY (`id`),
  ADD UNIQUE KEY `user_unique_username` (`username`),
  ADD UNIQUE KEY `user_unique_email` (`email`);

--
-- AUTO_INCREMENT cho các bảng đã đổ
--

--
-- AUTO_INCREMENT cho bảng `food`
--
ALTER TABLE `food`
  MODIFY `id` int(11) NOT NULL AUTO_INCREMENT, AUTO_INCREMENT=10;

--
-- AUTO_INCREMENT cho bảng `info`
--
ALTER TABLE `info`
  MODIFY `id` int(11) NOT NULL AUTO_INCREMENT, AUTO_INCREMENT=2;

--
-- AUTO_INCREMENT cho bảng `invoice`
--
ALTER TABLE `invoice`
  MODIFY `id` int(11) NOT NULL AUTO_INCREMENT, AUTO_INCREMENT=74;

--
-- AUTO_INCREMENT cho bảng `invoice_food`
--
ALTER TABLE `invoice_food`
  MODIFY `id` int(11) NOT NULL AUTO_INCREMENT, AUTO_INCREMENT=100;

--
-- AUTO_INCREMENT cho bảng `invoice_table`
--
ALTER TABLE `invoice_table`
  MODIFY `id` int(11) NOT NULL AUTO_INCREMENT;

--
-- AUTO_INCREMENT cho bảng `menu`
--
ALTER TABLE `menu`
  MODIFY `id` int(11) NOT NULL AUTO_INCREMENT, AUTO_INCREMENT=4;

--
-- AUTO_INCREMENT cho bảng `room`
--
ALTER TABLE `room`
  MODIFY `id` int(11) NOT NULL AUTO_INCREMENT, AUTO_INCREMENT=7;

--
-- AUTO_INCREMENT cho bảng `social_account`
--
ALTER TABLE `social_account`
  MODIFY `id` int(11) NOT NULL AUTO_INCREMENT;

--
-- AUTO_INCREMENT cho bảng `table_name`
--
ALTER TABLE `table_name`
  MODIFY `id` int(11) NOT NULL AUTO_INCREMENT, AUTO_INCREMENT=3;

--
-- AUTO_INCREMENT cho bảng `user`
--
ALTER TABLE `user`
  MODIFY `id` int(11) NOT NULL AUTO_INCREMENT, AUTO_INCREMENT=2;

--
-- Các ràng buộc cho các bảng đã đổ
--

--
-- Các ràng buộc cho bảng `food`
--
ALTER TABLE `food`
  ADD CONSTRAINT `menu` FOREIGN KEY (`menu_id`) REFERENCES `menu` (`id`) ON DELETE RESTRICT ON UPDATE RESTRICT;

--
-- Các ràng buộc cho bảng `invoice_food`
--
ALTER TABLE `invoice_food`
  ADD CONSTRAINT `invoice` FOREIGN KEY (`food_id`) REFERENCES `food` (`id`) ON DELETE RESTRICT ON UPDATE RESTRICT,
  ADD CONSTRAINT `invoice_food` FOREIGN KEY (`invoice_id`) REFERENCES `invoice` (`id`) ON DELETE RESTRICT ON UPDATE RESTRICT;

--
-- Các ràng buộc cho bảng `invoice_table`
--
ALTER TABLE `invoice_table`
  ADD CONSTRAINT `invoice_table` FOREIGN KEY (`invoice_id`) REFERENCES `invoice` (`id`) ON DELETE RESTRICT ON UPDATE RESTRICT,
  ADD CONSTRAINT `invoice_table_name` FOREIGN KEY (`table_id`) REFERENCES `table_name` (`id`) ON DELETE RESTRICT ON UPDATE RESTRICT;

--
-- Các ràng buộc cho bảng `profile`
--
ALTER TABLE `profile`
  ADD CONSTRAINT `fk_user_profile` FOREIGN KEY (`user_id`) REFERENCES `user` (`id`) ON DELETE CASCADE ON UPDATE RESTRICT;

--
-- Các ràng buộc cho bảng `social_account`
--
ALTER TABLE `social_account`
  ADD CONSTRAINT `fk_user_account` FOREIGN KEY (`user_id`) REFERENCES `user` (`id`) ON DELETE CASCADE ON UPDATE RESTRICT;

--
-- Các ràng buộc cho bảng `table_name`
--
ALTER TABLE `table_name`
  ADD CONSTRAINT `room` FOREIGN KEY (`room_id`) REFERENCES `room` (`id`) ON DELETE RESTRICT ON UPDATE RESTRICT;

--
-- Các ràng buộc cho bảng `token`
--
ALTER TABLE `token`
  ADD CONSTRAINT `fk_user_token` FOREIGN KEY (`user_id`) REFERENCES `user` (`id`) ON DELETE CASCADE ON UPDATE RESTRICT;
COMMIT;

/*!40101 SET CHARACTER_SET_CLIENT=@OLD_CHARACTER_SET_CLIENT */;
/*!40101 SET CHARACTER_SET_RESULTS=@OLD_CHARACTER_SET_RESULTS */;
/*!40101 SET COLLATION_CONNECTION=@OLD_COLLATION_CONNECTION */;
